epoch_min,loss_rate,benign_density_rpa_per_min,contrast,metric,n,mean,sd,ci95_low,ci95_high
1,0.0,100.0,P3-Persist_minus_P3-NoPersist,offered_legit_resolution_rate,20,0.174387,0.082922,0.135579,0.213196
1,0.0,100.0,P3-Persist_minus_P3-NoPersist,observed_legit_resolution_rate,20,0.174387,0.082922,0.135579,0.213196
1,0.0,100.0,P3-Persist_minus_P3-NoPersist,false_defer_observed_legit_rate,20,-0.169054,0.082551,-0.207689,-0.130419
1,0.0,100.0,P3-Persist_minus_P3-NoPersist,attack_aes_amplification,20,28.224,45.971873,6.708501,49.739499
1,0.0,100.0,P3-Persist_minus_BudgetDoS,offered_legit_resolution_rate,20,0.185187,0.100853,0.137987,0.232388
1,0.0,100.0,P3-Persist_minus_BudgetDoS,observed_legit_resolution_rate,20,0.185187,0.100853,0.137987,0.232388
1,0.0,100.0,P3-Persist_minus_BudgetDoS,false_defer_observed_legit_rate,20,-0.1796,0.100532,-0.226651,-0.13255
1,0.0,100.0,P3-Persist_minus_BudgetDoS,attack_aes_amplification,20,30.24,52.530143,5.655136,54.824864
1,0.0,1000.0,P3-Persist_minus_P3-NoPersist,offered_legit_resolution_rate,20,0.147755,0.066277,0.116737,0.178774
1,0.0,1000.0,P3-Persist_minus_P3-NoPersist,observed_legit_resolution_rate,20,0.147755,0.066277,0.116737,0.178774
1,0.0,1000.0,P3-Persist_minus_P3-NoPersist,false_defer_observed_legit_rate,20,-0.142491,0.066482,-0.173605,-0.111376
1,0.0,1000.0,P3-Persist_minus_P3-NoPersist,attack_aes_amplification,20,3.024,31.555391,-11.744378,17.792378
1,0.0,1000.0,P3-Persist_minus_BudgetDoS,offered_legit_resolution_rate,20,0.139828,0.066311,0.108793,0.170862
1,0.0,1000.0,P3-Persist_minus_BudgetDoS,observed_legit_resolution_rate,20,0.139828,0.066311,0.108793,0.170862
1,0.0,1000.0,P3-Persist_minus_BudgetDoS,false_defer_observed_legit_rate,20,-0.134387,0.067207,-0.165841,-0.102933
1,0.0,1000.0,P3-Persist_minus_BudgetDoS,attack_aes_amplification,20,-1.008,31.690678,-15.839694,13.823694
1,0.0,5000.0,P3-Persist_minus_P3-NoPersist,offered_legit_resolution_rate,20,0.164514,0.08195,0.12616,0.202868
1,0.0,5000.0,P3-Persist_minus_P3-NoPersist,observed_legit_resolution_rate,20,0.164514,0.08195,0.12616,0.202868
1,0.0,5000.0,P3-Persist_minus_P3-NoPersist,false_defer_observed_legit_rate,20,-0.158924,0.083031,-0.197784,-0.120064
1,0.0,5000.0,P3-Persist_minus_P3-NoPersist,attack_aes_amplification,20,15.12,27.653605,2.177715,28.062285
1,0.0,5000.0,P3-Persist_minus_BudgetDoS,offered_legit_resolution_rate,20,0.183838,0.104442,0.134957,0.232719
1,0.0,5000.0,P3-Persist_minus_BudgetDoS,observed_legit_resolution_rate,20,0.183838,0.104442,0.134957,0.232719
1,0.0,5000.0,P3-Persist_minus_BudgetDoS,false_defer_observed_legit_rate,20,-0.178033,0.105779,-0.227539,-0.128526
1,0.0,5000.0,P3-Persist_minus_BudgetDoS,attack_aes_amplification,20,19.152,30.310654,4.966177,33.337823
1,0.2,100.0,P3-Persist_minus_P3-NoPersist,offered_legit_resolution_rate,20,0.104972,0.050718,0.081235,0.128709
1,0.2,100.0,P3-Persist_minus_P3-NoPersist,observed_legit_resolution_rate,20,0.130714,0.062614,0.10141,0.160018
1,0.2,100.0,P3-Persist_minus_P3-NoPersist,false_defer_observed_legit_rate,20,-0.126154,0.06266,-0.15548,-0.096828
1,0.2,100.0,P3-Persist_minus_P3-NoPersist,attack_aes_amplification,20,22.176,46.664607,0.336291,44.015709
1,0.2,100.0,P3-Persist_minus_BudgetDoS,offered_legit_resolution_rate,20,0.107428,0.062047,0.078389,0.136467
1,0.2,100.0,P3-Persist_minus_BudgetDoS,observed_legit_resolution_rate,20,0.133898,0.07715,0.097791,0.170006
1,0.2,100.0,P3-Persist_minus_BudgetDoS,false_defer_observed_legit_rate,20,-0.129022,0.07689,-0.165008,-0.093036
1,0.2,100.0,P3-Persist_minus_BudgetDoS,attack_aes_amplification,20,20.16,45.315768,-1.048432,41.368432
1,0.2,1000.0,P3-Persist_minus_P3-NoPersist,offered_legit_resolution_rate,20,0.098086,0.044204,0.077398,0.118774
1,0.2,1000.0,P3-Persist_minus_P3-NoPersist,observed_legit_resolution_rate,20,0.122694,0.054276,0.097292,0.148096
1,0.2,1000.0,P3-Persist_minus_P3-NoPersist,false_defer_observed_legit_rate,20,-0.118118,0.054581,-0.143662,-0.092573
1,0.2,1000.0,P3-Persist_minus_P3-NoPersist,attack_aes_amplification,20,14.112,37.057937,-3.231648,31.455648
1,0.2,1000.0,P3-Persist_minus_BudgetDoS,offered_legit_resolution_rate,20,0.103211,0.050705,0.079481,0.126942
1,0.2,1000.0,P3-Persist_minus_BudgetDoS,observed_legit_resolution_rate,20,0.129158,0.062764,0.099783,0.158532
1,0.2,1000.0,P3-Persist_minus_BudgetDoS,false_defer_observed_legit_rate,20,-0.124336,0.062962,-0.153803,-0.094869
1,0.2,1000.0,P3-Persist_minus_BudgetDoS,attack_aes_amplification,20,12.096,40.531655,-6.873398,31.065398
1,0.2,5000.0,P3-Persist_minus_P3-NoPersist,offered_legit_resolution_rate,20,0.113982,0.059894,0.08595,0.142013
1,0.2,5000.0,P3-Persist_minus_P3-NoPersist,observed_legit_resolution_rate,20,0.1421,0.073923,0.107503,0.176697
1,0.2,5000.0,P3-Persist_minus_P3-NoPersist,false_defer_observed_legit_rate,20,-0.136743,0.074782,-0.171742,-0.101744
1,0.2,5000.0,P3-Persist_minus_P3-NoPersist,attack_aes_amplification,20,12.096,25.667826,0.083088,24.108912
1,0.2,5000.0,P3-Persist_minus_BudgetDoS,offered_legit_resolution_rate,20,0.129083,0.07755,0.092789,0.165377
1,0.2,5000.0,P3-Persist_minus_BudgetDoS,observed_legit_resolution_rate,20,0.160979,0.09615,0.11598,0.205979
1,0.2,5000.0,P3-Persist_minus_BudgetDoS,false_defer_observed_legit_rate,20,-0.155281,0.097519,-0.200922,-0.109641
1,0.2,5000.0,P3-Persist_minus_BudgetDoS,attack_aes_amplification,20,15.12,29.159649,1.472864,28.767136
1,0.4,100.0,P3-Persist_minus_P3-NoPersist,offered_legit_resolution_rate,20,0.072825,0.039324,0.054421,0.091229
1,0.4,100.0,P3-Persist_minus_P3-NoPersist,observed_legit_resolution_rate,20,0.121356,0.065212,0.090836,0.151876
1,0.4,100.0,P3-Persist_minus_P3-NoPersist,false_defer_observed_legit_rate,20,-0.117302,0.065761,-0.148079,-0.086524
1,0.4,100.0,P3-Persist_minus_P3-NoPersist,attack_aes_amplification,20,29.232,43.126928,9.047977,49.416023
1,0.4,100.0,P3-Persist_minus_BudgetDoS,offered_legit_resolution_rate,20,0.087086,0.056384,0.060697,0.113475
1,0.4,100.0,P3-Persist_minus_BudgetDoS,observed_legit_resolution_rate,20,0.144959,0.093212,0.101334,0.188583
1,0.4,100.0,P3-Persist_minus_BudgetDoS,false_defer_observed_legit_rate,20,-0.140442,0.093647,-0.184271,-0.096614
1,0.4,100.0,P3-Persist_minus_BudgetDoS,attack_aes_amplification,20,44.352,59.804225,16.362761,72.341239
1,0.4,1000.0,P3-Persist_minus_P3-NoPersist,offered_legit_resolution_rate,20,0.068092,0.036212,0.051145,0.08504
1,0.4,1000.0,P3-Persist_minus_P3-NoPersist,observed_legit_resolution_rate,20,0.113164,0.059634,0.085255,0.141074
1,0.4,1000.0,P3-Persist_minus_P3-NoPersist,false_defer_observed_legit_rate,20,-0.108325,0.060348,-0.136569,-0.080081
1,0.4,1000.0,P3-Persist_minus_P3-NoPersist,attack_aes_amplification,20,7.056,30.16918,-7.063611,21.175611
1,0.4,1000.0,P3-Persist_minus_BudgetDoS,offered_legit_resolution_rate,20,0.068479,0.040284,0.049626,0.087333
1,0.4,1000.0,P3-Persist_minus_BudgetDoS,observed_legit_resolution_rate,20,0.113592,0.065882,0.082759,0.144426
1,0.4,1000.0,P3-Persist_minus_BudgetDoS,false_defer_observed_legit_rate,20,-0.108456,0.066545,-0.139601,-0.077312
1,0.4,1000.0,P3-Persist_minus_BudgetDoS,attack_aes_amplification,20,5.04,29.159649,-8.607136,18.687136
1,0.4,5000.0,P3-Persist_minus_P3-NoPersist,offered_legit_resolution_rate,20,0.072129,0.045404,0.05088,0.093379
1,0.4,5000.0,P3-Persist_minus_P3-NoPersist,observed_legit_resolution_rate,20,0.12007,0.075023,0.084959,0.155182
1,0.4,5000.0,P3-Persist_minus_P3-NoPersist,false_defer_observed_legit_rate,20,-0.115585,0.074778,-0.150582,-0.080588
1,0.4,5000.0,P3-Persist_minus_P3-NoPersist,attack_aes_amplification,20,21.168,32.358626,6.023697,36.312303
1,0.4,5000.0,P3-Persist_minus_BudgetDoS,offered_legit_resolution_rate,20,0.074306,0.048596,0.051563,0.09705
1,0.4,5000.0,P3-Persist_minus_BudgetDoS,observed_legit_resolution_rate,20,0.123636,0.080124,0.086137,0.161136
1,0.4,5000.0,P3-Persist_minus_BudgetDoS,false_defer_observed_legit_rate,20,-0.118755,0.080753,-0.156549,-0.080962
1,0.4,5000.0,P3-Persist_minus_BudgetDoS,attack_aes_amplification,20,22.176,42.84078,2.125898,42.226102
5,0.0,100.0,P3-Persist_minus_P3-NoPersist,offered_legit_resolution_rate,20,0.306294,0.058668,0.278837,0.333751
5,0.0,100.0,P3-Persist_minus_P3-NoPersist,observed_legit_resolution_rate,20,0.306294,0.058668,0.278837,0.333751
5,0.0,100.0,P3-Persist_minus_P3-NoPersist,false_defer_observed_legit_rate,20,-0.299622,0.058678,-0.327084,-0.272159
5,0.0,100.0,P3-Persist_minus_P3-NoPersist,attack_aes_amplification,20,77.616,48.628749,54.857045,100.374955
5,0.0,100.0,P3-Persist_minus_BudgetDoS,offered_legit_resolution_rate,20,0.333738,0.102732,0.285658,0.381818
5,0.0,100.0,P3-Persist_minus_BudgetDoS,observed_legit_resolution_rate,20,0.333738,0.102732,0.285658,0.381818
5,0.0,100.0,P3-Persist_minus_BudgetDoS,false_defer_observed_legit_rate,20,-0.326792,0.102546,-0.374785,-0.278799
5,0.0,100.0,P3-Persist_minus_BudgetDoS,attack_aes_amplification,20,83.664,68.996574,51.372609,115.955391
5,0.0,1000.0,P3-Persist_minus_P3-NoPersist,offered_legit_resolution_rate,20,0.295901,0.05547,0.26994,0.321862
5,0.0,1000.0,P3-Persist_minus_P3-NoPersist,observed_legit_resolution_rate,20,0.295901,0.05547,0.26994,0.321862
5,0.0,1000.0,P3-Persist_minus_P3-NoPersist,false_defer_observed_legit_rate,20,-0.289826,0.054365,-0.31527,-0.264382
5,0.0,1000.0,P3-Persist_minus_P3-NoPersist,attack_aes_amplification,20,65.52,45.726937,44.119135,86.920865
5,0.0,1000.0,P3-Persist_minus_BudgetDoS,offered_legit_resolution_rate,20,0.286697,0.066479,0.255583,0.31781
5,0.0,1000.0,P3-Persist_minus_BudgetDoS,observed_legit_resolution_rate,20,0.286697,0.066479,0.255583,0.31781
5,0.0,1000.0,P3-Persist_minus_BudgetDoS,false_defer_observed_legit_rate,20,-0.280446,0.066493,-0.311565,-0.249326
5,0.0,1000.0,P3-Persist_minus_BudgetDoS,attack_aes_amplification,20,59.472,43.620105,39.057163,79.886837
5,0.0,5000.0,P3-Persist_minus_P3-NoPersist,offered_legit_resolution_rate,20,0.312648,0.069753,0.280002,0.345293
5,0.0,5000.0,P3-Persist_minus_P3-NoPersist,observed_legit_resolution_rate,20,0.312648,0.069753,0.280002,0.345293
5,0.0,5000.0,P3-Persist_minus_P3-NoPersist,false_defer_observed_legit_rate,20,-0.306098,0.070264,-0.338982,-0.273213
5,0.0,5000.0,P3-Persist_minus_P3-NoPersist,attack_aes_amplification,20,39.312,35.510406,22.692619,55.931381
5,0.0,5000.0,P3-Persist_minus_BudgetDoS,offered_legit_resolution_rate,20,0.331496,0.10578,0.281989,0.381003
5,0.0,5000.0,P3-Persist_minus_BudgetDoS,observed_legit_resolution_rate,20,0.331496,0.10578,0.281989,0.381003
5,0.0,5000.0,P3-Persist_minus_BudgetDoS,false_defer_observed_legit_rate,20,-0.32473,0.106392,-0.374523,-0.274937
5,0.0,5000.0,P3-Persist_minus_BudgetDoS,attack_aes_amplification,20,38.304,42.84078,18.253898,58.354102
5,0.2,100.0,P3-Persist_minus_P3-NoPersist,offered_legit_resolution_rate,20,0.220362,0.04562,0.199011,0.241713
5,0.2,100.0,P3-Persist_minus_P3-NoPersist,observed_legit_resolution_rate,20,0.276111,0.056336,0.249745,0.302477
5,0.2,100.0,P3-Persist_minus_P3-NoPersist,false_defer_observed_legit_rate,20,-0.269364,0.056724,-0.295911,-0.242816
5,0.2,100.0,P3-Persist_minus_P3-NoPersist,attack_aes_amplification,20,76.608,44.168347,55.936577,97.279423
5,0.2,100.0,P3-Persist_minus_BudgetDoS,offered_legit_resolution_rate,20,0.240495,0.075802,0.205018,0.275971
5,0.2,100.0,P3-Persist_minus_BudgetDoS,observed_legit_resolution_rate,20,0.301798,0.096532,0.256619,0.346976
5,0.2,100.0,P3-Persist_minus_BudgetDoS,false_defer_observed_legit_rate,20,-0.294757,0.096036,-0.339703,-0.249811
5,0.2,100.0,P3-Persist_minus_BudgetDoS,attack_aes_amplification,20,81.648,80.500616,43.972552,119.323448
5,0.2,1000.0,P3-Persist_minus_P3-NoPersist,offered_legit_resolution_rate,20,0.213556,0.048196,0.191,0.236112
5,0.2,1000.0,P3-Persist_minus_P3-NoPersist,observed_legit_resolution_rate,20,0.2673,0.06065,0.238915,0.295685
5,0.2,1000.0,P3-Persist_minus_P3-NoPersist,false_defer_observed_legit_rate,20,-0.260709,0.059838,-0.288714,-0.232704
5,0.2,1000.0,P3-Persist_minus_P3-NoPersist,attack_aes_amplification,20,51.408,44.590098,30.539192,72.276808
5,0.2,1000.0,P3-Persist_minus_BudgetDoS,offered_legit_resolution_rate,20,0.212369,0.053399,0.187377,0.23736
5,0.2,1000.0,P3-Persist_minus_BudgetDoS,observed_legit_resolution_rate,20,0.265892,0.067442,0.234328,0.297456
5,0.2,1000.0,P3-Persist_minus_BudgetDoS,false_defer_observed_legit_rate,20,-0.259081,0.068288,-0.291041,-0.227122
5,0.2,1000.0,P3-Persist_minus_BudgetDoS,attack_aes_amplification,20,52.416,56.037242,26.189763,78.642237
5,0.2,5000.0,P3-Persist_minus_P3-NoPersist,offered_legit_resolution_rate,20,0.214831,0.041582,0.19537,0.234292
5,0.2,5000.0,P3-Persist_minus_P3-NoPersist,observed_legit_resolution_rate,20,0.269222,0.052099,0.244839,0.293606
5,0.2,5000.0,P3-Persist_minus_P3-NoPersist,false_defer_observed_legit_rate,20,-0.262408,0.051855,-0.286677,-0.238139
5,0.2,5000.0,P3-Persist_minus_P3-NoPersist,attack_aes_amplification,20,41.328,34.902826,24.992975,57.663025
5,0.2,5000.0,P3-Persist_minus_BudgetDoS,offered_legit_resolution_rate,20,0.228011,0.075492,0.19268,0.263343
5,0.2,5000.0,P3-Persist_minus_BudgetDoS,observed_legit_resolution_rate,20,0.285397,0.092995,0.241874,0.32892
5,0.2,5000.0,P3-Persist_minus_BudgetDoS,false_defer_observed_legit_rate,20,-0.278287,0.092969,-0.321798,-0.234777
5,0.2,5000.0,P3-Persist_minus_BudgetDoS,attack_aes_amplification,20,38.304,47.120773,16.2508,60.3572
5,0.4,100.0,P3-Persist_minus_P3-NoPersist,offered_legit_resolution_rate,20,0.143588,0.024802,0.131981,0.155196
5,0.4,100.0,P3-Persist_minus_P3-NoPersist,observed_legit_resolution_rate,20,0.23867,0.040976,0.219492,0.257847
5,0.4,100.0,P3-Persist_minus_P3-NoPersist,false_defer_observed_legit_rate,20,-0.231547,0.041429,-0.250936,-0.212158
5,0.4,100.0,P3-Persist_minus_P3-NoPersist,attack_aes_amplification,20,47.376,54.045505,22.081925,72.670075
5,0.4,100.0,P3-Persist_minus_BudgetDoS,offered_legit_resolution_rate,20,0.174309,0.062125,0.145234,0.203384
5,0.4,100.0,P3-Persist_minus_BudgetDoS,observed_legit_resolution_rate,20,0.289662,0.102802,0.241549,0.337775
5,0.4,100.0,P3-Persist_minus_BudgetDoS,false_defer_observed_legit_rate,20,-0.281956,0.102844,-0.330089,-0.233824
5,0.4,100.0,P3-Persist_minus_BudgetDoS,attack_aes_amplification,20,61.488,78.890173,24.566263,98.409737
5,0.4,1000.0,P3-Persist_minus_P3-NoPersist,offered_legit_resolution_rate,20,0.138547,0.03363,0.122808,0.154287
5,0.4,1000.0,P3-Persist_minus_P3-NoPersist,observed_legit_resolution_rate,20,0.228893,0.056098,0.202638,0.255148
5,0.4,1000.0,P3-Persist_minus_P3-NoPersist,false_defer_observed_legit_rate,20,-0.221606,0.055819,-0.24773,-0.195482
5,0.4,1000.0,P3-Persist_minus_P3-NoPersist,attack_aes_amplification,20,53.424,41.509404,33.997001,72.850999
5,0.4,1000.0,P3-Persist_minus_BudgetDoS,offered_legit_resolution_rate,20,0.155251,0.048081,0.132748,0.177754
5,0.4,1000.0,P3-Persist_minus_BudgetDoS,observed_legit_resolution_rate,20,0.25637,0.079324,0.219245,0.293495
5,0.4,1000.0,P3-Persist_minus_BudgetDoS,false_defer_observed_legit_rate,20,-0.248759,0.079317,-0.28588,-0.211638
5,0.4,1000.0,P3-Persist_minus_BudgetDoS,attack_aes_amplification,20,59.472,45.539435,38.158889,80.785111
5,0.4,5000.0,P3-Persist_minus_P3-NoPersist,offered_legit_resolution_rate,20,0.149868,0.032211,0.134793,0.164943
5,0.4,5000.0,P3-Persist_minus_P3-NoPersist,observed_legit_resolution_rate,20,0.249293,0.051319,0.225275,0.273311
5,0.4,5000.0,P3-Persist_minus_P3-NoPersist,false_defer_observed_legit_rate,20,-0.242329,0.051806,-0.266575,-0.218083
5,0.4,5000.0,P3-Persist_minus_P3-NoPersist,attack_aes_amplification,20,22.176,25.247702,10.359712,33.992288
5,0.4,5000.0,P3-Persist_minus_BudgetDoS,offered_legit_resolution_rate,20,0.144099,0.038882,0.125902,0.162296
5,0.4,5000.0,P3-Persist_minus_BudgetDoS,observed_legit_resolution_rate,20,0.240039,0.064959,0.209637,0.27044
5,0.4,5000.0,P3-Persist_minus_BudgetDoS,false_defer_observed_legit_rate,20,-0.232751,0.065266,-0.263297,-0.202206
5,0.4,5000.0,P3-Persist_minus_BudgetDoS,attack_aes_amplification,20,25.2,33.271234,9.628583,40.771417
15,0.0,100.0,P3-Persist_minus_P3-NoPersist,offered_legit_resolution_rate,20,0.393941,0.045964,0.372429,0.415453
15,0.0,100.0,P3-Persist_minus_P3-NoPersist,observed_legit_resolution_rate,20,0.393941,0.045964,0.372429,0.415453
15,0.0,100.0,P3-Persist_minus_P3-NoPersist,false_defer_observed_legit_rate,20,-0.388208,0.046374,-0.409911,-0.366504
15,0.0,100.0,P3-Persist_minus_P3-NoPersist,attack_aes_amplification,20,136.08,60.258542,107.878134,164.281866
15,0.0,100.0,P3-Persist_minus_BudgetDoS,offered_legit_resolution_rate,20,0.43521,0.102167,0.387395,0.483026
15,0.0,100.0,P3-Persist_minus_BudgetDoS,observed_legit_resolution_rate,20,0.43521,0.102167,0.387395,0.483026
15,0.0,100.0,P3-Persist_minus_BudgetDoS,false_defer_observed_legit_rate,20,-0.429244,0.101812,-0.476894,-0.381594
15,0.0,100.0,P3-Persist_minus_BudgetDoS,attack_aes_amplification,20,158.256,79.913889,120.855149,195.656851
15,0.0,1000.0,P3-Persist_minus_P3-NoPersist,offered_legit_resolution_rate,20,0.383862,0.036087,0.366973,0.400752
15,0.0,1000.0,P3-Persist_minus_P3-NoPersist,observed_legit_resolution_rate,20,0.383862,0.036087,0.366973,0.400752
15,0.0,1000.0,P3-Persist_minus_P3-NoPersist,false_defer_observed_legit_rate,20,-0.378631,0.035865,-0.395416,-0.361846
15,0.0,1000.0,P3-Persist_minus_P3-NoPersist,attack_aes_amplification,20,114.912,43.43582,94.583411,135.240589
15,0.0,1000.0,P3-Persist_minus_BudgetDoS,offered_legit_resolution_rate,20,0.389347,0.067144,0.357922,0.420771
15,0.0,1000.0,P3-Persist_minus_BudgetDoS,observed_legit_resolution_rate,20,0.389347,0.067144,0.357922,0.420771
15,0.0,1000.0,P3-Persist_minus_BudgetDoS,false_defer_observed_legit_rate,20,-0.383938,0.066962,-0.415278,-0.352599
15,0.0,1000.0,P3-Persist_minus_BudgetDoS,attack_aes_amplification,20,116.928,46.526886,95.152747,138.703253
15,0.0,5000.0,P3-Persist_minus_P3-NoPersist,offered_legit_resolution_rate,20,0.396921,0.044136,0.376264,0.417577
15,0.0,5000.0,P3-Persist_minus_P3-NoPersist,observed_legit_resolution_rate,20,0.396921,0.044136,0.376264,0.417577
15,0.0,5000.0,P3-Persist_minus_P3-NoPersist,false_defer_observed_legit_rate,20,-0.391865,0.044557,-0.412719,-0.371012
15,0.0,5000.0,P3-Persist_minus_P3-NoPersist,attack_aes_amplification,20,64.512,40.637069,45.493266,83.530734
15,0.0,5000.0,P3-Persist_minus_BudgetDoS,offered_legit_resolution_rate,20,0.432275,0.103929,0.383634,0.480915
15,0.0,5000.0,P3-Persist_minus_BudgetDoS,observed_legit_resolution_rate,20,0.432275,0.103929,0.383634,0.480915
15,0.0,5000.0,P3-Persist_minus_BudgetDoS,false_defer_observed_legit_rate,20,-0.427004,0.103895,-0.475628,-0.37838
15,0.0,5000.0,P3-Persist_minus_BudgetDoS,attack_aes_amplification,20,67.536,50.35754,43.967946,91.104054
15,0.2,100.0,P3-Persist_minus_P3-NoPersist,offered_legit_resolution_rate,20,0.298096,0.028536,0.284741,0.311451
15,0.2,100.0,P3-Persist_minus_P3-NoPersist,observed_legit_resolution_rate,20,0.371702,0.034306,0.355646,0.387758
15,0.2,100.0,P3-Persist_minus_P3-NoPersist,false_defer_observed_legit_rate,20,-0.365621,0.034328,-0.381687,-0.349555
15,0.2,100.0,P3-Persist_minus_P3-NoPersist,attack_aes_amplification,20,140.112,55.297539,114.231955,165.992045
15,0.2,100.0,P3-Persist_minus_BudgetDoS,offered_legit_resolution_rate,20,0.335992,0.077432,0.299752,0.372231
15,0.2,100.0,P3-Persist_minus_BudgetDoS,observed_legit_resolution_rate,20,0.41957,0.099186,0.373149,0.46599
15,0.2,100.0,P3-Persist_minus_BudgetDoS,false_defer_observed_legit_rate,20,-0.413247,0.099003,-0.459582,-0.366912
15,0.2,100.0,P3-Persist_minus_BudgetDoS,attack_aes_amplification,20,170.352,89.318009,128.549885,212.154115
15,0.2,1000.0,P3-Persist_minus_P3-NoPersist,offered_legit_resolution_rate,20,0.287174,0.024195,0.275851,0.298498
15,0.2,1000.0,P3-Persist_minus_P3-NoPersist,observed_legit_resolution_rate,20,0.359161,0.029641,0.345288,0.373033
15,0.2,1000.0,P3-Persist_minus_P3-NoPersist,false_defer_observed_legit_rate,20,-0.353812,0.029166,-0.367462,-0.340162
15,0.2,1000.0,P3-Persist_minus_P3-NoPersist,attack_aes_amplification,20,121.968,37.843302,104.25679,139.67921
15,0.2,1000.0,P3-Persist_minus_BudgetDoS,offered_legit_resolution_rate,20,0.291079,0.037996,0.273296,0.308861
15,0.2,1000.0,P3-Persist_minus_BudgetDoS,observed_legit_resolution_rate,20,0.364225,0.049084,0.341253,0.387197
15,0.2,1000.0,P3-Persist_minus_BudgetDoS,false_defer_observed_legit_rate,20,-0.358581,0.048719,-0.381382,-0.33578
15,0.2,1000.0,P3-Persist_minus_BudgetDoS,attack_aes_amplification,20,119.952,46.469381,98.20366,141.70034
15,0.2,5000.0,P3-Persist_minus_P3-NoPersist,offered_legit_resolution_rate,20,0.310459,0.034933,0.29411,0.326809
15,0.2,5000.0,P3-Persist_minus_P3-NoPersist,observed_legit_resolution_rate,20,0.387879,0.042563,0.367959,0.407799
15,0.2,5000.0,P3-Persist_minus_P3-NoPersist,false_defer_observed_legit_rate,20,-0.382578,0.042478,-0.402459,-0.362698
15,0.2,5000.0,P3-Persist_minus_P3-NoPersist,attack_aes_amplification,20,62.496,41.830242,42.918844,82.073156
15,0.2,5000.0,P3-Persist_minus_BudgetDoS,offered_legit_resolution_rate,20,0.321332,0.073276,0.287038,0.355626
15,0.2,5000.0,P3-Persist_minus_BudgetDoS,observed_legit_resolution_rate,20,0.401707,0.092277,0.358521,0.444894
15,0.2,5000.0,P3-Persist_minus_BudgetDoS,false_defer_observed_legit_rate,20,-0.396089,0.092497,-0.439379,-0.3528
15,0.2,5000.0,P3-Persist_minus_BudgetDoS,attack_aes_amplification,20,74.592,56.68246,48.063792,101.120208
15,0.4,100.0,P3-Persist_minus_P3-NoPersist,offered_legit_resolution_rate,20,0.222303,0.028228,0.209092,0.235514
15,0.4,100.0,P3-Persist_minus_P3-NoPersist,observed_legit_resolution_rate,20,0.369275,0.046313,0.3476,0.39095
15,0.4,100.0,P3-Persist_minus_P3-NoPersist,false_defer_observed_legit_rate,20,-0.363769,0.046787,-0.385666,-0.341872
15,0.4,100.0,P3-Persist_minus_P3-NoPersist,attack_aes_amplification,20,128.016,44.972237,106.968345,149.063655
15,0.4,100.0,P3-Persist_minus_BudgetDoS,offered_legit_resolution_rate,20,0.217322,0.034659,0.201101,0.233543
15,0.4,100.0,P3-Persist_minus_BudgetDoS,observed_legit_resolution_rate,20,0.360827,0.055315,0.334938,0.386715
15,0.4,100.0,P3-Persist_minus_BudgetDoS,false_defer_observed_legit_rate,20,-0.354803,0.055549,-0.380801,-0.328806
15,0.4,100.0,P3-Persist_minus_BudgetDoS,attack_aes_amplification,20,132.048,52.111081,107.659263,156.436737
15,0.4,1000.0,P3-Persist_minus_P3-NoPersist,offered_legit_resolution_rate,20,0.217623,0.018286,0.209065,0.226181
15,0.4,1000.0,P3-Persist_minus_P3-NoPersist,observed_legit_resolution_rate,20,0.362281,0.031616,0.347484,0.377077
15,0.4,1000.0,P3-Persist_minus_P3-NoPersist,false_defer_observed_legit_rate,20,-0.357386,0.031879,-0.372306,-0.342466
15,0.4,1000.0,P3-Persist_minus_P3-NoPersist,attack_aes_amplification,20,113.904,40.465632,94.965501,132.842499
15,0.4,1000.0,P3-Persist_minus_BudgetDoS,offered_legit_resolution_rate,20,0.208556,0.016533,0.200819,0.216294
15,0.4,1000.0,P3-Persist_minus_BudgetDoS,observed_legit_resolution_rate,20,0.346859,0.023804,0.335718,0.358
15,0.4,1000.0,P3-Persist_minus_BudgetDoS,false_defer_observed_legit_rate,20,-0.341636,0.023886,-0.352814,-0.330457
15,0.4,1000.0,P3-Persist_minus_BudgetDoS,attack_aes_amplification,20,100.8,41.367447,81.439439,120.160561
15,0.4,5000.0,P3-Persist_minus_P3-NoPersist,offered_legit_resolution_rate,20,0.218722,0.02273,0.208084,0.22936
15,0.4,5000.0,P3-Persist_minus_P3-NoPersist,observed_legit_resolution_rate,20,0.364944,0.036849,0.347698,0.38219
15,0.4,5000.0,P3-Persist_minus_P3-NoPersist,false_defer_observed_legit_rate,20,-0.359731,0.035835,-0.376503,-0.34296
15,0.4,5000.0,P3-Persist_minus_P3-NoPersist,attack_aes_amplification,20,56.448,26.649114,43.975831,68.920169
15,0.4,5000.0,P3-Persist_minus_BudgetDoS,offered_legit_resolution_rate,20,0.216097,0.040268,0.197251,0.234943
15,0.4,5000.0,P3-Persist_minus_BudgetDoS,observed_legit_resolution_rate,20,0.360411,0.065303,0.329849,0.390974
15,0.4,5000.0,P3-Persist_minus_BudgetDoS,false_defer_observed_legit_rate,20,-0.354805,0.065038,-0.385244,-0.324366
15,0.4,5000.0,P3-Persist_minus_BudgetDoS,attack_aes_amplification,20,54.432,27.047478,41.773391,67.090609
