m13_experiment,m13_epoch_min,m13_loss_rate,m13_density,m13_background_mode,method,n,offered_legit_resolution_rate_mean,offered_legit_resolution_rate_sd,offered_legit_resolution_rate_ci95_low,offered_legit_resolution_rate_ci95_high,observed_legit_resolution_rate_mean,observed_legit_resolution_rate_sd,observed_legit_resolution_rate_ci95_low,observed_legit_resolution_rate_ci95_high,false_defer_observed_legit_rate_mean,false_defer_observed_legit_rate_sd,false_defer_observed_legit_rate_ci95_low,false_defer_observed_legit_rate_ci95_high,p95_resolution_delay_ms_mean,p95_resolution_delay_ms_sd,p95_resolution_delay_ms_ci95_low,p95_resolution_delay_ms_ci95_high,p99_resolution_delay_ms_mean,p99_resolution_delay_ms_sd,p99_resolution_delay_ms_ci95_low,p99_resolution_delay_ms_ci95_high,reserve_grant_legit_p95_delay_ms_mean,reserve_grant_legit_p95_delay_ms_sd,reserve_grant_legit_p95_delay_ms_ci95_low,reserve_grant_legit_p95_delay_ms_ci95_high,reserve_grant_legit_p99_delay_ms_mean,reserve_grant_legit_p99_delay_ms_sd,reserve_grant_legit_p99_delay_ms_ci95_low,reserve_grant_legit_p99_delay_ms_ci95_high,attack_aes_amplification_mean,attack_aes_amplification_sd,attack_aes_amplification_ci95_low,attack_aes_amplification_ci95_high,actual_observation_loss_rate_mean,actual_observation_loss_rate_sd,actual_observation_loss_rate_ci95_low,actual_observation_loss_rate_ci95_high,reserve_grant_legit_count_mean,reserve_grant_legit_count_sd,reserve_grant_legit_count_ci95_low,reserve_grant_legit_count_ci95_high,reserve_grant_background_count_mean,reserve_grant_background_count_sd,reserve_grant_background_count_ci95_low,reserve_grant_background_count_ci95_high,reserve_grant_attack_count_mean,reserve_grant_attack_count_sd,reserve_grant_attack_count_ci95_low,reserve_grant_attack_count_ci95_high,budget_skip_legit_count_mean,budget_skip_legit_count_sd,budget_skip_legit_count_ci95_low,budget_skip_legit_count_ci95_high,budget_skip_background_count_mean,budget_skip_background_count_sd,budget_skip_background_count_ci95_low,budget_skip_background_count_ci95_high,budget_skip_attack_count_mean,budget_skip_attack_count_sd,budget_skip_attack_count_ci95_low,budget_skip_attack_count_ci95_high
control_no_attack_baseline,15,0.0,100.0,unique,BudgetDoS,20,0.873715,0.007679,0.870121,0.877309,0.873715,0.007679,0.870121,0.877309,0.126285,0.007679,0.122691,0.129879,0.0,0.0,0.0,0.0,0.0,0.0,0.0,0.0,0.0,0.0,0.0,0.0,0.0,0.0,0.0,0.0,0.0,0.0,0.0,0.0,0.0,0.0,0.0,0.0,0.0,0.0,0.0,0.0,0.0,0.0,0.0,0.0,0.0,0.0,0.0,0.0,323.25,19.883543,313.944216,332.555784,753.55,43.546074,733.16981,773.93019,0.0,0.0,0.0,0.0
control_no_attack_baseline,15,0.0,100.0,unique,P3-NoPersist,20,0.986151,0.003453,0.984535,0.987767,0.986151,0.003453,0.984535,0.987767,0.02082,0.004398,0.018762,0.022879,0.0,0.0,0.0,0.0,9.25,28.574694,-4.123369,22.623369,0.0,0.0,0.0,0.0,0.0,0.0,0.0,0.0,0.0,0.0,0.0,0.0,0.0,0.0,0.0,0.0,0.0,0.0,0.0,0.0,0.0,0.0,0.0,0.0,0.0,0.0,0.0,0.0,1.85,1.424411,1.183355,2.516645,210.95,38.272534,193.037903,228.862097,0.0,0.0,0.0,0.0
control_no_attack_baseline,15,0.0,100.0,unique,P3-Persist,20,0.988384,0.002399,0.987261,0.989506,0.988384,0.002399,0.987261,0.989506,0.018666,0.003585,0.016988,0.020344,0.0,0.0,0.0,0.0,9.05,28.025318,-4.066252,22.166252,27.5,39.851699,8.848831,46.151169,33.5,46.885639,11.556845,55.443155,0.0,0.0,0.0,0.0,0.0,0.0,0.0,0.0,5.25,2.489451,4.084901,6.415099,0.0,0.0,0.0,0.0,0.0,0.0,0.0,0.0,1.45,1.234376,0.872294,2.027706,210.6,38.000554,192.815193,228.384807,0.0,0.0,0.0,0.0
control_no_attack_worst,1,0.4,5000.0,unique,BudgetDoS,20,0.337686,0.035986,0.320844,0.354528,0.560968,0.059616,0.533067,0.588869,0.439032,0.059616,0.411131,0.466933,0.0,0.0,0.0,0.0,0.0,0.0,0.0,0.0,0.0,0.0,0.0,0.0,0.0,0.0,0.0,0.0,0.0,0.0,0.0,0.0,0.400055,0.001458,0.399372,0.400737,0.0,0.0,0.0,0.0,0.0,0.0,0.0,0.0,0.0,0.0,0.0,0.0,681.85,101.16806,634.501891,729.198109,72478.6,333.383989,72322.57149,72634.62851,0.0,0.0,0.0,0.0
control_no_attack_worst,1,0.4,5000.0,unique,P3-NoPersist,20,0.350302,0.018071,0.341844,0.358759,0.581956,0.030842,0.567521,0.59639,0.418947,0.030907,0.404482,0.433412,0.0,0.0,0.0,0.0,0.0,0.0,0.0,0.0,0.0,0.0,0.0,0.0,0.0,0.0,0.0,0.0,0.0,0.0,0.0,0.0,0.400055,0.001458,0.399372,0.400737,0.0,0.0,0.0,0.0,0.0,0.0,0.0,0.0,0.0,0.0,0.0,0.0,44.95,12.729886,38.99223,50.90777,54186.2,291.079588,54049.97056,54322.42944,0.0,0.0,0.0,0.0
control_no_attack_worst,1,0.4,5000.0,unique,P3-Persist,20,0.406062,0.009594,0.401571,0.410552,0.674463,0.012844,0.668451,0.680474,0.330103,0.013488,0.32379,0.336415,0.0,0.0,0.0,0.0,10.0,30.779351,-4.405179,24.405179,44.25,47.690753,21.930041,66.569959,96.3,16.546903,88.555811,104.044189,0.0,0.0,0.0,0.0,0.400055,0.001458,0.399372,0.400737,99.15,9.432726,94.735348,103.564652,0.0,0.0,0.0,0.0,0.0,0.0,0.0,0.0,33.85,8.975258,29.64945,38.05055,54185.8,291.42167,54049.41046,54322.18954,0.0,0.0,0.0,0.0
control_repeated_benign_worst,1,0.4,5000.0,repeated,BudgetDoS,20,0.328434,0.047906,0.306014,0.350855,0.547698,0.080034,0.510241,0.585155,0.452302,0.080034,0.414845,0.489759,0.0,0.0,0.0,0.0,0.0,0.0,0.0,0.0,0.0,0.0,0.0,0.0,0.0,0.0,0.0,0.0,33455.52,474.577659,33233.410818,33677.629182,0.399673,0.000647,0.39937,0.399976,0.0,0.0,0.0,0.0,0.0,0.0,0.0,0.0,0.0,0.0,0.0,0.0,695.8,122.27002,638.575869,753.024131,74227.45,230.033287,74119.791108,74335.108892,148420.2,359.415695,148251.988277,148588.411723
control_repeated_benign_worst,1,0.4,5000.0,repeated,P3-NoPersist,20,0.330611,0.046049,0.30906,0.352163,0.551264,0.076683,0.515375,0.587153,0.449132,0.076841,0.413169,0.485094,0.0,0.0,0.0,0.0,0.0,0.0,0.0,0.0,0.0,0.0,0.0,0.0,0.0,0.0,0.0,0.0,33456.528,463.955561,33239.390113,33673.665887,0.399673,0.000647,0.39937,0.399976,0.0,0.0,0.0,0.0,0.0,0.0,0.0,0.0,0.0,0.0,0.0,0.0,43.9,14.359666,37.17947,50.62053,55511.6,192.105892,55421.691675,55601.508325,13454.7,97.262044,13409.179962,13500.220038
control_repeated_benign_worst,1,0.4,5000.0,repeated,P3-Persist,20,0.345137,0.024537,0.333653,0.356621,0.575279,0.038346,0.557333,0.593225,0.425083,0.038244,0.407184,0.442982,0.0,0.0,0.0,0.0,0.0,0.0,0.0,0.0,0.0,0.0,0.0,0.0,0.0,0.0,0.0,0.0,33466.608,467.492192,33247.814919,33685.401081,0.399673,0.000647,0.39937,0.399976,1.2,2.307881,0.119878,2.280122,4998.8,2.307881,4997.719878,4999.880122,0.0,0.0,0.0,0.0,44.0,18.186172,35.48861,52.51139,51775.85,197.176457,51683.568577,51868.131423,13454.55,97.273069,13409.024802,13500.075198
main,1,0.0,100.0,unique,BudgetDoS,20,0.520102,0.102348,0.472202,0.568003,0.520102,0.102348,0.472202,0.568003,0.479898,0.102348,0.431997,0.527798,0.0,0.0,0.0,0.0,0.0,0.0,0.0,0.0,0.0,0.0,0.0,0.0,0.0,0.0,0.0,0.0,49624.848,131.056323,49563.511753,49686.184247,0.0,0.0,0.0,0.0,0.0,0.0,0.0,0.0,0.0,0.0,0.0,0.0,0.0,0.0,0.0,0.0,1227.15,264.945729,1103.151582,1351.148418,2473.9,59.421687,2446.089795,2501.710205,247452.95,381.510361,247274.397655,247631.502345
main,1,0.0,100.0,unique,P3-NoPersist,20,0.530902,0.085558,0.49086,0.570945,0.530902,0.085558,0.49086,0.570945,0.469351,0.08548,0.429345,0.509357,0.0,0.0,0.0,0.0,0.0,0.0,0.0,0.0,0.0,0.0,0.0,0.0,0.0,0.0,0.0,0.0,49626.864,123.111601,49569.245997,49684.482003,0.0,0.0,0.0,0.0,0.0,0.0,0.0,0.0,0.0,0.0,0.0,0.0,0.0,0.0,0.0,0.0,81.7,48.80908,58.856647,104.543353,1856.1,53.95505,1830.84826,1881.35174,22558.65,143.347673,22491.561224,22625.738776
main,1,0.0,100.0,unique,P3-Persist,20,0.70529,0.00711,0.701962,0.708618,0.70529,0.00711,0.701962,0.708618,0.300297,0.007113,0.296968,0.303626,0.0,0.0,0.0,0.0,20.1,40.990243,0.915976,39.284024,63.25,48.239398,40.673267,85.826733,100.0,0.0,100.0,100.0,49655.088,119.442907,49599.186999,49710.989001,0.0,0.0,0.0,0.0,214.55,13.504288,208.229799,220.870201,0.0,0.0,0.0,0.0,0.0,0.0,0.0,0.0,55.05,11.019003,49.892948,60.207052,1856.05,54.019952,1830.767884,1881.332116,22558.7,143.304644,22491.631362,22625.768638
main,1,0.0,1000.0,unique,BudgetDoS,20,0.56632,0.066637,0.535133,0.597507,0.56632,0.066637,0.535133,0.597507,0.43368,0.066637,0.402493,0.464867,0.0,0.0,0.0,0.0,0.0,0.0,0.0,0.0,0.0,0.0,0.0,0.0,0.0,0.0,0.0,0.0,45648.288,350.532672,45484.233659,45812.342341,0.0,0.0,0.0,0.0,0.0,0.0,0.0,0.0,0.0,0.0,0.0,0.0,0.0,0.0,0.0,0.0,1106.95,172.800303,1026.076969,1187.823031,24789.2,195.751615,24697.585424,24880.814576,247662.65,470.854797,247442.283172,247883.016828
main,1,0.0,1000.0,unique,P3-NoPersist,20,0.558393,0.067296,0.526897,0.589888,0.558393,0.067296,0.526897,0.589888,0.441784,0.067329,0.410273,0.473294,0.0,0.0,0.0,0.0,0.0,0.0,0.0,0.0,0.0,0.0,0.0,0.0,0.0,0.0,0.0,0.0,45644.256,351.860475,45479.580229,45808.931771,0.0,0.0,0.0,0.0,0.0,0.0,0.0,0.0,0.0,0.0,0.0,0.0,0.0,0.0,0.0,0.0,77.25,35.517046,60.627511,93.872489,18519.85,161.2583,18444.378792,18595.321208,22571.85,105.45055,22522.497624,22621.202376
main,1,0.0,1000.0,unique,P3-Persist,20,0.706148,0.007061,0.702843,0.709452,0.706148,0.007061,0.702843,0.709452,0.299293,0.008031,0.295534,0.303052,0.0,0.0,0.0,0.0,25.0,44.426166,4.207914,45.792086,62.0,48.514783,39.294382,84.705618,100.0,0.0,100.0,100.0,45647.28,341.430267,45487.485716,45807.074284,0.0,0.0,0.0,0.0,211.0,15.754699,203.626574,218.373426,0.0,0.0,0.0,0.0,0.0,0.0,0.0,0.0,49.25,13.309573,43.020928,55.479072,18519.8,161.199321,18444.356396,18595.243604,22571.9,105.362982,22522.588607,22621.211393
main,1,0.0,5000.0,unique,BudgetDoS,20,0.523209,0.104222,0.474432,0.571986,0.523209,0.104222,0.474432,0.571986,0.476791,0.104222,0.428014,0.525568,0.0,0.0,0.0,0.0,0.0,0.0,0.0,0.0,0.0,0.0,0.0,0.0,0.0,0.0,0.0,0.0,33430.32,437.981204,33225.338487,33635.301513,0.0,0.0,0.0,0.0,0.0,0.0,0.0,0.0,0.0,0.0,0.0,0.0,0.0,0.0,0.0,0.0,1222.4,263.438877,1099.10681,1345.69319,124250.85,324.839276,124098.820539,124402.879461,248292.6,465.814781,248074.591972,248510.608028
main,1,0.0,5000.0,unique,P3-NoPersist,20,0.542534,0.081498,0.504391,0.580676,0.542534,0.081498,0.504391,0.580676,0.457683,0.081498,0.41954,0.495825,0.0,0.0,0.0,0.0,0.0,0.0,0.0,0.0,0.0,0.0,0.0,0.0,0.0,0.0,0.0,0.0,33434.352,441.27041,33227.831091,33640.872909,0.0,0.0,0.0,0.0,0.0,0.0,0.0,0.0,0.0,0.0,0.0,0.0,0.0,0.0,0.0,0.0,82.8,34.729936,66.54589,99.05411,92889.9,244.01443,92775.697731,93004.102269,22551.45,118.42496,22496.025413,22606.874587
main,1,0.0,5000.0,unique,P3-Persist,20,0.707047,0.008217,0.703201,0.710893,0.707047,0.008217,0.703201,0.710893,0.298758,0.008651,0.29471,0.302807,0.0,0.0,0.0,0.0,34.55,48.344678,11.923994,57.176006,60.0,47.155956,37.930333,82.069667,100.0,0.0,100.0,100.0,33449.472,450.012423,33238.859703,33660.084297,0.0,0.0,0.0,0.0,213.25,10.109271,208.518715,217.981285,0.0,0.0,0.0,0.0,0.0,0.0,0.0,0.0,51.35,13.323011,45.114639,57.585361,92889.6,244.141547,92775.338239,93003.861761,22551.45,118.42496,22496.025413,22606.874587
main,1,0.2,100.0,unique,BudgetDoS,20,0.446001,0.06573,0.415238,0.476764,0.555949,0.081668,0.517727,0.594171,0.444051,0.081668,0.405829,0.482273,0.0,0.0,0.0,0.0,0.0,0.0,0.0,0.0,0.0,0.0,0.0,0.0,0.0,0.0,0.0,0.0,49668.192,117.02309,49613.423508,49722.960492,0.19982,0.000717,0.199484,0.200155,0.0,0.0,0.0,0.0,0.0,0.0,0.0,0.0,0.0,0.0,0.0,0.0,911.25,173.186506,830.19622,992.30378,1982.95,44.136719,1962.293379,2003.606621,197506.9,384.226482,197327.076471,197686.723529
main,1,0.2,100.0,unique,P3-NoPersist,20,0.448457,0.052938,0.423682,0.473233,0.559134,0.066686,0.527924,0.590343,0.441183,0.066742,0.409947,0.472419,0.0,0.0,0.0,0.0,0.0,0.0,0.0,0.0,0.0,0.0,0.0,0.0,0.0,0.0,0.0,0.0,49666.176,101.624251,49618.614386,49713.737614,0.19982,0.000717,0.199484,0.200155,0.0,0.0,0.0,0.0,0.0,0.0,0.0,0.0,0.0,0.0,0.0,0.0,63.3,23.476976,52.312437,74.287563,1486.85,41.697248,1467.335087,1506.364913,17989.15,134.166148,17926.35831,18051.94169
main,1,0.2,100.0,unique,P3-Persist,20,0.553429,0.00766,0.549844,0.557014,0.689848,0.008438,0.685899,0.693797,0.315029,0.008594,0.311007,0.319051,0.0,0.0,0.0,0.0,10.0,30.779351,-4.405179,24.405179,54.0,49.910446,30.641192,77.358808,100.0,0.0,100.0,100.0,49688.352,89.706337,49646.368142,49730.335858,0.19982,0.000717,0.199484,0.200155,155.7,11.38836,150.370084,161.029916,0.0,0.0,0.0,0.0,0.0,0.0,0.0,0.0,46.4,9.637645,41.889443,50.910557,1486.85,41.697248,1467.335087,1506.364913,17989.1,134.148347,17926.316641,18051.883359
main,1,0.2,1000.0,unique,BudgetDoS,20,0.44736,0.051226,0.423385,0.471334,0.560659,0.064886,0.530292,0.591027,0.439341,0.064886,0.408973,0.469708,0.0,0.0,0.0,0.0,0.0,0.0,0.0,0.0,0.0,0.0,0.0,0.0,0.0,0.0,0.0,0.0,45635.184,311.307219,45489.487737,45780.880263,0.19987,0.000668,0.199557,0.200183,0.0,0.0,0.0,0.0,0.0,0.0,0.0,0.0,0.0,0.0,0.0,0.0,895.4,138.864341,830.409488,960.390512,19776.9,175.371756,19694.823492,19858.976508,197717.5,485.425424,197490.313908,197944.686092
main,1,0.2,1000.0,unique,P3-NoPersist,20,0.452485,0.044767,0.431533,0.473437,0.567123,0.057131,0.540385,0.593862,0.433122,0.057295,0.406307,0.459937,0.0,0.0,0.0,0.0,0.0,0.0,0.0,0.0,0.0,0.0,0.0,0.0,0.0,0.0,0.0,0.0,45633.168,314.941531,45485.770827,45780.565173,0.19987,0.000668,0.199557,0.200183,0.0,0.0,0.0,0.0,0.0,0.0,0.0,0.0,0.0,0.0,0.0,0.0,55.2,17.896192,46.824324,63.575676,14766.8,141.180586,14700.725452,14832.874548,18029.65,123.158125,17972.010223,18087.289777
main,1,0.2,1000.0,unique,P3-Persist,20,0.550571,0.009044,0.546338,0.554804,0.689817,0.007535,0.686291,0.693344,0.315005,0.008137,0.311196,0.318813,0.0,0.0,0.0,0.0,15.0,36.634755,-2.145593,32.145593,59.75,50.065089,36.318817,83.181183,98.1,8.497058,94.123254,102.076746,45647.28,304.681499,45504.684669,45789.875331,0.19987,0.000668,0.199557,0.200183,153.4,13.639725,147.016412,159.783588,0.0,0.0,0.0,0.0,0.0,0.0,0.0,0.0,41.8,11.954299,36.205216,47.394784,14766.8,141.272637,14700.682371,14832.917629,18029.65,123.002043,17972.083272,18087.216728
main,1,0.2,5000.0,unique,BudgetDoS,20,0.423722,0.075458,0.388406,0.459037,0.529199,0.094573,0.484937,0.57346,0.470801,0.094573,0.42654,0.515063,0.0,0.0,0.0,0.0,0.0,0.0,0.0,0.0,0.0,0.0,0.0,0.0,0.0,0.0,0.0,0.0,33398.064,468.899375,33178.612337,33617.515663,0.199859,0.000472,0.199638,0.20008,0.0,0.0,0.0,0.0,0.0,0.0,0.0,0.0,0.0,0.0,0.0,0.0,967.05,193.708265,876.391741,1057.708259,99224.9,319.049724,99075.580133,99374.219867,198352.2,360.951316,198183.269584,198521.130416
main,1,0.2,5000.0,unique,P3-NoPersist,20,0.438823,0.059316,0.411063,0.466584,0.548078,0.074643,0.513144,0.583012,0.452264,0.07461,0.417345,0.487182,0.0,0.0,0.0,0.0,0.0,0.0,0.0,0.0,0.0,0.0,0.0,0.0,0.0,0.0,0.0,0.0,33401.088,463.407737,33184.206503,33617.969497,0.199859,0.000472,0.199638,0.20008,0.0,0.0,0.0,0.0,0.0,0.0,0.0,0.0,0.0,0.0,0.0,0.0,59.75,14.735832,52.853418,66.646582,74173.85,240.385058,74061.34633,74286.35367,18004.7,107.897173,17954.202568,18055.197432
main,1,0.2,5000.0,unique,P3-Persist,20,0.552805,0.012551,0.546931,0.558679,0.690178,0.010381,0.685319,0.695036,0.31552,0.011027,0.31036,0.320681,0.0,0.0,0.0,0.0,34.15,47.883933,11.739629,56.560371,60.0,50.262469,36.47644,83.52356,100.0,0.0,100.0,100.0,33413.184,460.481195,33197.672167,33628.695833,0.199859,0.000472,0.199638,0.20008,155.85,9.499446,151.404122,160.295878,0.0,0.0,0.0,0.0,0.0,0.0,0.0,0.0,43.2,11.12891,37.99151,48.40849,74173.3,240.366628,74060.804955,74285.795045,18004.6,107.69665,17954.196416,18055.003584
main,1,0.4,100.0,unique,BudgetDoS,20,0.313489,0.057578,0.286541,0.340436,0.523167,0.096828,0.47785,0.568484,0.476833,0.096828,0.431516,0.52215,0.0,0.0,0.0,0.0,0.0,0.0,0.0,0.0,0.0,0.0,0.0,0.0,0.0,0.0,0.0,0.0,49600.656,106.330233,49550.891919,49650.420081,0.399763,0.00084,0.39937,0.400156,0.0,0.0,0.0,0.0,0.0,0.0,0.0,0.0,0.0,0.0,0.0,0.0,729.6,142.253813,663.023166,796.176834,1472.8,42.477982,1452.919693,1492.680307,147553.25,261.742114,147430.75092,147675.74908
main,1,0.4,100.0,unique,P3-NoPersist,20,0.32775,0.040642,0.308729,0.346771,0.546769,0.067603,0.51513,0.578408,0.453692,0.067741,0.421988,0.485396,0.0,0.0,0.0,0.0,0.0,0.0,0.0,0.0,0.0,0.0,0.0,0.0,0.0,0.0,0.0,0.0,49615.776,108.643707,49564.92918,49666.62282,0.399763,0.00084,0.39937,0.400156,0.0,0.0,0.0,0.0,0.0,0.0,0.0,0.0,0.0,0.0,0.0,0.0,48.65,18.319604,40.076161,57.223839,1104.05,38.082286,1086.226941,1121.873059,13460.9,113.073753,13407.979854,13513.820146
main,1,0.4,100.0,unique,P3-Persist,20,0.400575,0.01033,0.39574,0.405409,0.668126,0.009772,0.663552,0.672699,0.336391,0.009531,0.33193,0.340851,0.0,0.0,0.0,0.0,9.55,29.269123,-4.148371,23.248371,60.75,49.424983,37.618396,83.881604,94.9,22.341606,84.443806,105.356194,49645.008,105.156954,49595.793031,49694.222969,0.399763,0.00084,0.39937,0.400156,99.5,13.504385,93.179753,105.820247,0.0,0.0,0.0,0.0,0.0,0.0,0.0,0.0,35.7,8.826396,31.56912,39.83088,1104.05,38.082286,1086.226941,1121.873059,13460.9,113.041632,13407.994888,13513.805112
main,1,0.4,1000.0,unique,BudgetDoS,20,0.337076,0.038484,0.319065,0.355087,0.560224,0.064268,0.530146,0.590302,0.439776,0.064268,0.409698,0.469854,0.0,0.0,0.0,0.0,0.0,0.0,0.0,0.0,0.0,0.0,0.0,0.0,0.0,0.0,0.0,0.0,45561.6,310.324792,45416.363527,45706.836473,0.399687,0.000685,0.399366,0.400007,0.0,0.0,0.0,0.0,0.0,0.0,0.0,0.0,0.0,0.0,0.0,0.0,675.9,104.018166,627.218,724.582,14793.25,146.298856,14724.780028,14861.719972,147806.6,388.006023,147625.007592,147988.192408
main,1,0.4,1000.0,unique,P3-NoPersist,20,0.337463,0.035782,0.320716,0.35421,0.560652,0.057858,0.533573,0.58773,0.439645,0.057925,0.412535,0.466754,0.0,0.0,0.0,0.0,0.0,0.0,0.0,0.0,0.0,0.0,0.0,0.0,0.0,0.0,0.0,0.0,45559.584,306.084168,45416.3322,45702.8358,0.399687,0.000685,0.399366,0.400007,0.0,0.0,0.0,0.0,0.0,0.0,0.0,0.0,0.0,0.0,0.0,0.0,48.4,23.58724,37.360832,59.439168,11040.0,127.967101,10980.109553,11099.890447,13476.6,98.839796,13430.341552,13522.858448
main,1,0.4,1000.0,unique,P3-Persist,20,0.405555,0.008969,0.401358,0.409753,0.673816,0.008168,0.669993,0.677639,0.33132,0.009567,0.326842,0.335797,0.0,0.0,0.0,0.0,22.3,41.148128,3.042083,41.557917,61.25,46.392916,39.537447,82.962553,100.0,0.0,100.0,100.0,45566.64,300.866427,45425.830178,45707.449822,0.399687,0.000685,0.399366,0.400007,100.9,8.084423,97.116374,104.683626,0.0,0.0,0.0,0.0,0.0,0.0,0.0,0.0,30.95,8.350701,27.041752,34.858248,11040.0,127.967101,10980.109553,11099.890447,13476.45,98.913825,13430.156905,13522.743095
main,1,0.4,5000.0,unique,BudgetDoS,20,0.328434,0.047906,0.306014,0.350855,0.547698,0.080034,0.510241,0.585155,0.452302,0.080034,0.414845,0.489759,0.0,0.0,0.0,0.0,0.0,0.0,0.0,0.0,0.0,0.0,0.0,0.0,0.0,0.0,0.0,0.0,33455.52,474.577659,33233.410818,33677.629182,0.399673,0.000647,0.39937,0.399976,0.0,0.0,0.0,0.0,0.0,0.0,0.0,0.0,0.0,0.0,0.0,0.0,695.8,122.27002,638.575869,753.024131,74227.45,230.033287,74119.791108,74335.108892,148420.2,359.415695,148251.988277,148588.411723
main,1,0.4,5000.0,unique,P3-NoPersist,20,0.330611,0.046049,0.30906,0.352163,0.551264,0.076683,0.515375,0.587153,0.449132,0.076841,0.413169,0.485094,0.0,0.0,0.0,0.0,0.0,0.0,0.0,0.0,0.0,0.0,0.0,0.0,0.0,0.0,0.0,0.0,33456.528,463.955561,33239.390113,33673.665887,0.399673,0.000647,0.39937,0.399976,0.0,0.0,0.0,0.0,0.0,0.0,0.0,0.0,0.0,0.0,0.0,0.0,43.9,14.359666,37.17947,50.62053,55511.6,192.105892,55421.691675,55601.508325,13454.7,97.262044,13409.179962,13500.220038
main,1,0.4,5000.0,unique,P3-Persist,20,0.402741,0.010896,0.397642,0.40784,0.671334,0.011015,0.666179,0.67649,0.333547,0.011513,0.328159,0.338935,0.0,0.0,0.0,0.0,10.0,30.779351,-4.405179,24.405179,62.25,45.31977,41.039695,83.460305,95.0,22.36068,84.53488,105.46512,33477.696,470.408084,33257.53824,33697.85376,0.399673,0.000647,0.39937,0.399976,98.75,7.42595,95.274548,102.225452,0.0,0.0,0.0,0.0,0.0,0.0,0.0,0.0,34.1,9.748954,29.537349,38.662651,55511.5,192.229988,55421.533596,55601.466404,13454.5,97.281198,13408.970998,13500.029002
main,15,0.0,100.0,unique,BudgetDoS,20,0.520102,0.102348,0.472202,0.568003,0.520102,0.102348,0.472202,0.568003,0.479898,0.102348,0.431997,0.527798,0.0,0.0,0.0,0.0,0.0,0.0,0.0,0.0,0.0,0.0,0.0,0.0,0.0,0.0,0.0,0.0,49624.848,131.056323,49563.511753,49686.184247,0.0,0.0,0.0,0.0,0.0,0.0,0.0,0.0,0.0,0.0,0.0,0.0,0.0,0.0,0.0,0.0,1227.15,264.945729,1103.151582,1351.148418,2473.9,59.421687,2446.089795,2501.710205,247452.95,381.510361,247274.397655,247631.502345
main,15,0.0,100.0,unique,P3-NoPersist,20,0.561372,0.046317,0.539695,0.583049,0.561372,0.046317,0.539695,0.583049,0.438861,0.046454,0.41712,0.460602,0.0,0.0,0.0,0.0,0.0,0.0,0.0,0.0,0.0,0.0,0.0,0.0,0.0,0.0,0.0,0.0,49647.024,117.602021,49591.98456,49702.06344,0.0,0.0,0.0,0.0,0.0,0.0,0.0,0.0,0.0,0.0,0.0,0.0,0.0,0.0,0.0,0.0,80.55,36.727267,63.36111,97.73889,1856.1,54.038875,1830.809028,1881.390972,22558.6,143.384797,22491.493849,22625.706151
main,15,0.0,100.0,unique,P3-Persist,20,0.955313,0.001903,0.954422,0.956203,0.955313,0.001903,0.954422,0.956203,0.050653,0.001881,0.049773,0.051534,0.0,0.0,0.0,0.0,0.0,0.0,0.0,0.0,91.75,26.019982,79.572273,103.927727,100.0,0.0,100.0,100.0,49783.104,112.036306,49730.669395,49835.538605,0.0,0.0,0.0,0.0,200.4,15.628584,193.085598,207.714402,0.0,0.0,0.0,0.0,0.0,0.0,0.0,0.0,8.15,3.498496,6.512654,9.787346,1856.05,54.019952,1830.767884,1881.332116,22557.7,143.119788,22490.717877,22624.682123
main,15,0.0,1000.0,unique,BudgetDoS,20,0.56632,0.066637,0.535133,0.597507,0.56632,0.066637,0.535133,0.597507,0.43368,0.066637,0.402493,0.464867,0.0,0.0,0.0,0.0,0.0,0.0,0.0,0.0,0.0,0.0,0.0,0.0,0.0,0.0,0.0,0.0,45648.288,350.532672,45484.233659,45812.342341,0.0,0.0,0.0,0.0,0.0,0.0,0.0,0.0,0.0,0.0,0.0,0.0,0.0,0.0,0.0,0.0,1106.95,172.800303,1026.076969,1187.823031,24789.2,195.751615,24697.585424,24880.814576,247662.65,470.854797,247442.283172,247883.016828
main,15,0.0,1000.0,unique,P3-NoPersist,20,0.571804,0.035815,0.555042,0.588566,0.571804,0.035815,0.555042,0.588566,0.428373,0.035915,0.411564,0.445181,0.0,0.0,0.0,0.0,0.0,0.0,0.0,0.0,0.0,0.0,0.0,0.0,0.0,0.0,0.0,0.0,45650.304,342.776169,45489.879815,45810.728185,0.0,0.0,0.0,0.0,0.0,0.0,0.0,0.0,0.0,0.0,0.0,0.0,0.0,0.0,0.0,0.0,78.4,32.937581,62.984738,93.815262,18519.85,161.179297,18444.415767,18595.284233,22571.85,105.462528,22522.492018,22621.207982
main,15,0.0,1000.0,unique,P3-Persist,20,0.955667,0.002115,0.954677,0.956656,0.955667,0.002115,0.954677,0.956656,0.049741,0.002291,0.048669,0.050814,0.0,0.0,0.0,0.0,5.0,22.36068,-5.46512,15.46512,72.75,41.437175,53.356805,92.143195,100.0,0.0,100.0,100.0,45765.216,339.358074,45606.391532,45924.040468,0.0,0.0,0.0,0.0,201.7,14.513515,194.907466,208.492534,0.0,0.0,0.0,0.0,0.0,0.0,0.0,0.0,6.7,2.735729,5.41964,7.98036,18519.2,161.428361,18443.649201,18594.750799,22571.4,105.577809,22521.988065,22620.811935
main,15,0.0,5000.0,unique,BudgetDoS,20,0.523209,0.104222,0.474432,0.571986,0.523209,0.104222,0.474432,0.571986,0.476791,0.104222,0.428014,0.525568,0.0,0.0,0.0,0.0,0.0,0.0,0.0,0.0,0.0,0.0,0.0,0.0,0.0,0.0,0.0,0.0,33430.32,437.981204,33225.338487,33635.301513,0.0,0.0,0.0,0.0,0.0,0.0,0.0,0.0,0.0,0.0,0.0,0.0,0.0,0.0,0.0,0.0,1222.4,263.438877,1099.10681,1345.69319,124250.85,324.839276,124098.820539,124402.879461,248292.6,465.814781,248074.591972,248510.608028
main,15,0.0,5000.0,unique,P3-NoPersist,20,0.558563,0.045038,0.537484,0.579642,0.558563,0.045038,0.537484,0.579642,0.441652,0.045011,0.420587,0.462718,0.0,0.0,0.0,0.0,0.0,0.0,0.0,0.0,0.0,0.0,0.0,0.0,0.0,0.0,0.0,0.0,33433.344,446.279796,33224.478626,33642.209374,0.0,0.0,0.0,0.0,0.0,0.0,0.0,0.0,0.0,0.0,0.0,0.0,0.0,0.0,0.0,0.0,73.45,29.294287,59.739852,87.160148,92889.45,243.882084,92775.309671,93003.590329,22551.45,118.42496,22496.025413,22606.874587
main,15,0.0,5000.0,unique,P3-Persist,20,0.955484,0.002003,0.954546,0.956421,0.955484,0.002003,0.954546,0.956421,0.049787,0.002158,0.048777,0.050797,0.0,0.0,0.0,0.0,0.0,0.0,0.0,0.0,75.0,44.426166,54.207914,95.792086,100.0,0.0,100.0,100.0,33497.856,428.427774,33297.34563,33698.36637,0.0,0.0,0.0,0.0,199.8,12.898796,193.763177,205.836823,0.0,0.0,0.0,0.0,0.0,0.0,0.0,0.0,8.1,3.143916,6.628602,9.571398,92888.3,244.225327,92773.999028,93002.600972,22551.2,118.3143,22495.827203,22606.572797
main,15,0.2,100.0,unique,BudgetDoS,20,0.420436,0.0823,0.381918,0.458953,0.523882,0.100217,0.476979,0.570785,0.476118,0.100217,0.429215,0.523021,0.0,0.0,0.0,0.0,0.0,0.0,0.0,0.0,0.0,0.0,0.0,0.0,0.0,0.0,0.0,0.0,49607.712,122.907273,49550.189625,49665.234375,0.20027,0.000695,0.199944,0.200595,0.0,0.0,0.0,0.0,0.0,0.0,0.0,0.0,0.0,0.0,0.0,0.0,974.75,200.309202,881.002408,1068.497592,1973.05,42.363682,1953.223186,1992.876814,197376.0,348.014065,197213.124404,197538.875596
main,15,0.2,100.0,unique,P3-NoPersist,20,0.458332,0.026169,0.446084,0.470579,0.57175,0.033993,0.555841,0.587659,0.428492,0.034162,0.412504,0.444481,0.0,0.0,0.0,0.0,0.0,0.0,0.0,0.0,0.0,0.0,0.0,0.0,0.0,0.0,0.0,0.0,49637.952,95.817224,49593.108159,49682.795841,0.20027,0.000695,0.199944,0.200595,0.0,0.0,0.0,0.0,0.0,0.0,0.0,0.0,0.0,0.0,0.0,0.0,63.95,22.170333,53.573965,74.326035,1478.85,44.451363,1458.046122,1499.653878,17991.25,120.446483,17934.879311,18047.620689
main,15,0.2,100.0,unique,P3-Persist,20,0.756427,0.00702,0.753142,0.759713,0.943452,0.002751,0.942164,0.944739,0.062871,0.003032,0.061452,0.06429,0.0,0.0,0.0,0.0,5.0,22.36068,-5.46512,15.46512,93.0,23.642068,81.935172,104.064828,100.0,0.0,100.0,100.0,49778.064,104.708478,49729.058924,49827.069076,0.20027,0.000695,0.199944,0.200595,156.2,13.1933,150.025346,162.374654,0.0,0.0,0.0,0.0,0.0,0.0,0.0,0.0,8.25,3.209771,6.747781,9.752219,1478.8,44.416213,1458.012572,1499.587428,17990.8,120.599642,17934.35763,18047.24237
main,15,0.2,1000.0,unique,BudgetDoS,20,0.463533,0.040289,0.444677,0.48239,0.579646,0.048899,0.556761,0.602532,0.420354,0.048899,0.397468,0.443239,0.0,0.0,0.0,0.0,0.0,0.0,0.0,0.0,0.0,0.0,0.0,0.0,0.0,0.0,0.0,0.0,45634.176,326.540908,45481.350151,45787.001849,0.200245,0.00062,0.199954,0.200535,0.0,0.0,0.0,0.0,0.0,0.0,0.0,0.0,0.0,0.0,0.0,0.0,857.3,96.652443,812.065264,902.534736,19775.4,174.547053,19693.709465,19857.090535,197591.05,390.06659,197408.493216,197773.606784
main,15,0.2,1000.0,unique,P3-NoPersist,20,0.467438,0.02325,0.456556,0.478319,0.58471,0.029433,0.570935,0.598485,0.415585,0.029633,0.401716,0.429453,0.0,0.0,0.0,0.0,0.0,0.0,0.0,0.0,0.0,0.0,0.0,0.0,0.0,0.0,0.0,0.0,45632.16,329.417114,45477.988045,45786.331955,0.200245,0.00062,0.199954,0.200535,0.0,0.0,0.0,0.0,0.0,0.0,0.0,0.0,0.0,0.0,0.0,0.0,57.15,20.787838,47.420992,66.879008,14777.35,143.341798,14710.263973,14844.436027,18010.95,107.556338,17960.612084,18061.287916
main,15,0.2,1000.0,unique,P3-Persist,20,0.754612,0.00717,0.751256,0.757968,0.943871,0.002111,0.942883,0.944859,0.061772,0.002723,0.060498,0.063047,0.0,0.0,0.0,0.0,5.0,22.36068,-5.46512,15.46512,83.75,34.901176,67.415747,100.084253,100.0,0.0,100.0,100.0,45754.128,330.32334,45599.531918,45908.724082,0.200245,0.00062,0.199954,0.200535,157.4,11.654681,151.945442,162.854558,0.0,0.0,0.0,0.0,0.0,0.0,0.0,0.0,6.7,2.696977,5.437776,7.962224,14776.85,143.126471,14709.864749,14843.835251,18010.2,107.724112,17959.783564,18060.616436
main,15,0.2,5000.0,unique,BudgetDoS,20,0.433776,0.074925,0.39871,0.468843,0.541959,0.092784,0.498535,0.585383,0.458041,0.092784,0.414617,0.501465,0.0,0.0,0.0,0.0,0.0,0.0,0.0,0.0,0.0,0.0,0.0,0.0,0.0,0.0,0.0,0.0,33355.728,431.515965,33153.772312,33557.683688,0.200198,0.000517,0.199956,0.200441,0.0,0.0,0.0,0.0,0.0,0.0,0.0,0.0,0.0,0.0,0.0,0.0,939.45,185.387638,852.685915,1026.214085,99182.55,279.557258,99051.713176,99313.386824,198298.8,385.956992,198118.166567,198479.433433
main,15,0.2,5000.0,unique,P3-NoPersist,20,0.444649,0.033276,0.429076,0.460223,0.555788,0.042753,0.535779,0.575797,0.44453,0.042781,0.424508,0.464552,0.0,0.0,0.0,0.0,0.0,0.0,0.0,0.0,0.0,0.0,0.0,0.0,0.0,0.0,0.0,0.0,33367.824,443.774339,33160.131216,33575.516784,0.200198,0.000517,0.199956,0.200441,0.0,0.0,0.0,0.0,0.0,0.0,0.0,0.0,0.0,0.0,0.0,0.0,58.95,17.548354,50.737117,67.162883,74160.4,242.055757,74047.114419,74273.685581,18001.0,91.758264,17958.055811,18043.944189
main,15,0.2,5000.0,unique,P3-Persist,20,0.755108,0.007412,0.75164,0.758577,0.943666,0.001812,0.942818,0.944514,0.061952,0.001781,0.061118,0.062785,0.0,0.0,0.0,0.0,0.0,0.0,0.0,0.0,79.25,37.706449,61.602839,96.897161,100.0,0.0,100.0,100.0,33430.32,442.548314,33223.201014,33637.438986,0.200198,0.000517,0.199956,0.200441,155.55,7.653517,151.968044,159.131956,0.0,0.0,0.0,0.0,0.0,0.0,0.0,0.0,8.45,3.347819,6.883172,10.016828,74159.0,241.962155,74045.758226,74272.241774,18000.9,91.660644,17958.001498,18043.798502
main,15,0.4,100.0,unique,BudgetDoS,20,0.34026,0.032846,0.324887,0.355632,0.565434,0.055202,0.539599,0.591269,0.434566,0.055202,0.408731,0.460401,0.0,0.0,0.0,0.0,0.0,0.0,0.0,0.0,0.0,0.0,0.0,0.0,0.0,0.0,0.0,0.0,49660.128,74.891076,49625.077897,49695.178103,0.400149,0.000833,0.399759,0.400538,0.0,0.0,0.0,0.0,0.0,0.0,0.0,0.0,0.0,0.0,0.0,0.0,669.1,91.155679,626.437829,711.762171,1477.4,41.13316,1458.149089,1496.650911,147436.15,298.835155,147296.290842,147576.009158
main,15,0.4,100.0,unique,P3-NoPersist,20,0.335279,0.027601,0.322361,0.348196,0.556986,0.045051,0.535901,0.578071,0.443532,0.045342,0.422311,0.464753,0.0,0.0,0.0,0.0,0.0,0.0,0.0,0.0,0.0,0.0,0.0,0.0,0.0,0.0,0.0,0.0,49664.16,72.393033,49630.279018,49698.040982,0.400149,0.000833,0.399759,0.400538,0.0,0.0,0.0,0.0,0.0,0.0,0.0,0.0,0.0,0.0,0.0,0.0,46.45,16.878747,38.550503,54.349497,1107.8,34.356643,1091.720596,1123.879404,13432.15,100.714435,13385.014194,13479.285806
main,15,0.4,100.0,unique,P3-Persist,20,0.557582,0.00926,0.553248,0.561915,0.926261,0.003739,0.924511,0.92801,0.079763,0.004923,0.077459,0.082067,0.0,0.0,0.0,0.0,5.0,22.36068,-5.46512,15.46512,75.0,41.864443,55.406838,94.593162,100.0,0.0,100.0,100.0,49792.176,80.977504,49754.277361,49830.074639,0.400149,0.000833,0.399759,0.400538,118.95,8.660102,114.896947,123.003053,0.0,0.0,0.0,0.0,0.0,0.0,0.0,0.0,7.85,3.048295,6.423354,9.276646,1107.7,34.440032,1091.581569,1123.818431,13431.5,100.43301,13384.495904,13478.504096
main,15,0.4,1000.0,unique,BudgetDoS,20,0.347685,0.012017,0.342061,0.353309,0.578751,0.022182,0.56837,0.589133,0.421249,0.022182,0.410867,0.43163,0.0,0.0,0.0,0.0,0.0,0.0,0.0,0.0,0.0,0.0,0.0,0.0,0.0,0.0,0.0,0.0,45677.52,298.582643,45537.779022,45817.260978,0.400095,0.000782,0.399729,0.400461,0.0,0.0,0.0,0.0,0.0,0.0,0.0,0.0,0.0,0.0,0.0,0.0,646.25,41.689169,626.738868,665.761132,14748.55,158.192912,14674.513438,14822.586562,147700.45,291.618438,147563.96837,147836.93163
main,15,0.4,1000.0,unique,P3-NoPersist,20,0.338618,0.021746,0.328441,0.348796,0.56333,0.031933,0.548385,0.578275,0.436999,0.032111,0.42197,0.452027,0.0,0.0,0.0,0.0,0.0,0.0,0.0,0.0,0.0,0.0,0.0,0.0,0.0,0.0,0.0,0.0,45664.416,299.657118,45524.172152,45804.659848,0.400095,0.000782,0.399729,0.400461,0.0,0.0,0.0,0.0,0.0,0.0,0.0,0.0,0.0,0.0,0.0,0.0,46.5,21.770332,36.311171,56.688829,11022.75,115.681903,10968.609203,11076.890797,13454.6,98.402182,13408.546361,13500.653639
main,15,0.4,1000.0,unique,P3-Persist,20,0.556241,0.011252,0.550975,0.561508,0.92561,0.003812,0.923826,0.927395,0.079613,0.004087,0.0777,0.081526,0.0,0.0,0.0,0.0,10.0,30.779351,-4.405179,24.405179,58.0,48.839156,35.142571,80.857429,100.0,0.0,100.0,100.0,45778.32,294.543414,45640.469439,45916.170561,0.400095,0.000782,0.399729,0.400461,118.85,9.642423,114.337207,123.362793,0.0,0.0,0.0,0.0,0.0,0.0,0.0,0.0,6.6,2.280351,5.532763,7.667237,11022.35,115.68436,10968.208053,11076.491947,13454.2,98.473935,13408.11278,13500.28722
main,15,0.4,5000.0,unique,BudgetDoS,20,0.338947,0.038583,0.32089,0.357005,0.565858,0.065353,0.535272,0.596444,0.434142,0.065353,0.403556,0.464728,0.0,0.0,0.0,0.0,0.0,0.0,0.0,0.0,0.0,0.0,0.0,0.0,0.0,0.0,0.0,0.0,33232.752,435.267082,33029.040735,33436.463265,0.400183,0.000718,0.399847,0.400519,0.0,0.0,0.0,0.0,0.0,0.0,0.0,0.0,0.0,0.0,0.0,0.0,667.45,101.609404,619.895335,715.004665,74203.7,231.385552,74095.408228,74311.991772,148267.4,411.333697,148074.889904,148459.910096
main,15,0.4,5000.0,unique,P3-NoPersist,20,0.336323,0.022628,0.325733,0.346913,0.561326,0.037807,0.543631,0.57902,0.439068,0.037844,0.421357,0.456779,0.0,0.0,0.0,0.0,0.0,0.0,0.0,0.0,0.0,0.0,0.0,0.0,0.0,0.0,0.0,0.0,33230.736,438.732689,33025.402781,33436.069219,0.400183,0.000718,0.399847,0.400519,0.0,0.0,0.0,0.0,0.0,0.0,0.0,0.0,0.0,0.0,0.0,0.0,45.15,24.508377,33.679727,56.620273,55468.5,184.616387,55382.096871,55554.903129,13451.25,91.92381,13408.228333,13494.271667
main,15,0.4,5000.0,unique,P3-Persist,20,0.555045,0.008533,0.551051,0.559039,0.926269,0.003402,0.924677,0.927862,0.079337,0.003363,0.077763,0.080911,0.0,0.0,0.0,0.0,5.0,22.36068,-5.46512,15.46512,75.5,40.2917,56.642904,94.357096,100.0,0.0,100.0,100.0,33287.184,431.704295,33085.140171,33489.227829,0.400183,0.000718,0.399847,0.400519,117.15,8.16459,113.328854,120.971146,0.0,0.0,0.0,0.0,0.0,0.0,0.0,0.0,8.15,2.71981,6.87709,9.42291,55467.3,184.790094,55380.815574,55553.784426,13451.2,92.011784,13408.137159,13494.262841
main,5,0.0,100.0,unique,BudgetDoS,20,0.520102,0.102348,0.472202,0.568003,0.520102,0.102348,0.472202,0.568003,0.479898,0.102348,0.431997,0.527798,0.0,0.0,0.0,0.0,0.0,0.0,0.0,0.0,0.0,0.0,0.0,0.0,0.0,0.0,0.0,0.0,49624.848,131.056323,49563.511753,49686.184247,0.0,0.0,0.0,0.0,0.0,0.0,0.0,0.0,0.0,0.0,0.0,0.0,0.0,0.0,0.0,0.0,1227.15,264.945729,1103.151582,1351.148418,2473.9,59.421687,2446.089795,2501.710205,247452.95,381.510361,247274.397655,247631.502345
main,5,0.0,100.0,unique,P3-NoPersist,20,0.547547,0.060322,0.519315,0.575778,0.547547,0.060322,0.519315,0.575778,0.452727,0.060235,0.424536,0.480918,0.0,0.0,0.0,0.0,0.0,0.0,0.0,0.0,0.0,0.0,0.0,0.0,0.0,0.0,0.0,0.0,49630.896,118.868443,49575.263856,49686.528144,0.0,0.0,0.0,0.0,0.0,0.0,0.0,0.0,0.0,0.0,0.0,0.0,0.0,0.0,0.0,0.0,73.15,17.17181,65.113346,81.186654,1856.1,54.038875,1830.809028,1881.390972,22558.7,143.310888,22491.62844,22625.77156
main,5,0.0,100.0,unique,P3-Persist,20,0.853841,0.005005,0.851498,0.856183,0.853841,0.005005,0.851498,0.856183,0.153106,0.005044,0.150745,0.155466,0.0,0.0,0.0,0.0,7.05,23.068491,-3.746386,17.846386,80.5,40.062451,61.750196,99.249804,100.0,0.0,100.0,100.0,49708.512,109.271937,49657.371159,49759.652841,0.0,0.0,0.0,0.0,248.3,7.327669,244.870545,251.729455,0.0,0.0,0.0,0.0,0.0,0.0,0.0,0.0,27.8,6.245841,24.876857,30.723143,1856.05,54.019952,1830.767884,1881.332116,22558.25,143.032891,22491.308546,22625.191454
main,5,0.0,1000.0,unique,BudgetDoS,20,0.56632,0.066637,0.535133,0.597507,0.56632,0.066637,0.535133,0.597507,0.43368,0.066637,0.402493,0.464867,0.0,0.0,0.0,0.0,0.0,0.0,0.0,0.0,0.0,0.0,0.0,0.0,0.0,0.0,0.0,0.0,45648.288,350.532672,45484.233659,45812.342341,0.0,0.0,0.0,0.0,0.0,0.0,0.0,0.0,0.0,0.0,0.0,0.0,0.0,0.0,0.0,0.0,1106.95,172.800303,1026.076969,1187.823031,24789.2,195.751615,24697.585424,24880.814576,247662.65,470.854797,247442.283172,247883.016828
main,5,0.0,1000.0,unique,P3-NoPersist,20,0.557116,0.05654,0.530654,0.583577,0.557116,0.05654,0.530654,0.583577,0.44306,0.056534,0.416602,0.469519,0.0,0.0,0.0,0.0,0.0,0.0,0.0,0.0,0.0,0.0,0.0,0.0,0.0,0.0,0.0,0.0,45642.24,344.245768,45481.128021,45803.351979,0.0,0.0,0.0,0.0,0.0,0.0,0.0,0.0,0.0,0.0,0.0,0.0,0.0,0.0,0.0,0.0,72.6,27.323404,59.812253,85.387747,18519.8,161.224459,18444.34463,18595.25537,22571.85,105.473506,22522.48688,22621.21312
main,5,0.0,1000.0,unique,P3-Persist,20,0.853017,0.003533,0.851363,0.854671,0.853017,0.003533,0.851363,0.854671,0.153234,0.004554,0.151103,0.155366,0.0,0.0,0.0,0.0,6.65,22.716271,-3.981542,17.281542,65.25,48.59811,42.505384,87.994616,100.0,0.0,100.0,100.0,45707.76,338.599252,45549.290672,45866.229328,0.0,0.0,0.0,0.0,247.75,8.72911,243.664651,251.835349,0.0,0.0,0.0,0.0,0.0,0.0,0.0,0.0,24.95,7.715159,21.339194,28.560806,18519.55,161.150951,18444.129033,18594.970967,22571.65,105.476001,22522.285712,22621.014288
main,5,0.0,5000.0,unique,BudgetDoS,20,0.523209,0.104222,0.474432,0.571986,0.523209,0.104222,0.474432,0.571986,0.476791,0.104222,0.428014,0.525568,0.0,0.0,0.0,0.0,0.0,0.0,0.0,0.0,0.0,0.0,0.0,0.0,0.0,0.0,0.0,0.0,33430.32,437.981204,33225.338487,33635.301513,0.0,0.0,0.0,0.0,0.0,0.0,0.0,0.0,0.0,0.0,0.0,0.0,0.0,0.0,0.0,0.0,1222.4,263.438877,1099.10681,1345.69319,124250.85,324.839276,124098.820539,124402.879461,248292.6,465.814781,248074.591972,248510.608028
main,5,0.0,5000.0,unique,P3-NoPersist,20,0.542057,0.070799,0.508923,0.575192,0.542057,0.070799,0.508923,0.575192,0.458159,0.070812,0.425018,0.4913,0.0,0.0,0.0,0.0,0.0,0.0,0.0,0.0,0.0,0.0,0.0,0.0,0.0,0.0,0.0,0.0,33429.312,436.647073,33224.954879,33633.669121,0.0,0.0,0.0,0.0,0.0,0.0,0.0,0.0,0.0,0.0,0.0,0.0,0.0,0.0,0.0,0.0,79.7,35.22275,63.215246,96.184754,92889.75,244.066185,92775.523509,93003.976491,22551.45,118.42496,22496.025413,22606.874587
main,5,0.0,5000.0,unique,P3-Persist,20,0.854705,0.00457,0.852566,0.856844,0.854705,0.00457,0.852566,0.856844,0.152061,0.00478,0.149824,0.154298,0.0,0.0,0.0,0.0,12.6,32.059813,-2.404454,27.604454,79.75,38.745968,61.616329,97.883671,100.0,0.0,100.0,100.0,33468.624,437.658745,33263.793402,33673.454598,0.0,0.0,0.0,0.0,248.75,8.626001,244.712907,252.787093,0.0,0.0,0.0,0.0,0.0,0.0,0.0,0.0,25.4,5.697645,22.73342,28.06658,92888.8,244.259482,92774.483043,93003.116957,22551.25,118.341555,22495.864447,22606.635553
main,5,0.2,100.0,unique,BudgetDoS,20,0.423661,0.078009,0.387152,0.46017,0.530669,0.096008,0.485736,0.575602,0.469331,0.096008,0.424398,0.514264,0.0,0.0,0.0,0.0,0.0,0.0,0.0,0.0,0.0,0.0,0.0,0.0,0.0,0.0,0.0,0.0,49642.992,109.540774,49591.72534,49694.25866,0.199981,0.00066,0.199672,0.20029,0.0,0.0,0.0,0.0,0.0,0.0,0.0,0.0,0.0,0.0,0.0,0.0,956.85,195.005877,865.58444,1048.11556,1974.45,55.942146,1948.26827,2000.63173,197434.6,424.340529,197236.002519,197633.197481
main,5,0.2,100.0,unique,P3-NoPersist,20,0.443794,0.044673,0.422886,0.464701,0.556356,0.05644,0.529942,0.582771,0.443938,0.056335,0.417572,0.470303,0.0,0.0,0.0,0.0,0.0,0.0,0.0,0.0,0.0,0.0,0.0,0.0,0.0,0.0,0.0,0.0,49648.032,102.190992,49600.205144,49695.858856,0.199981,0.00066,0.199672,0.20029,0.0,0.0,0.0,0.0,0.0,0.0,0.0,0.0,0.0,0.0,0.0,0.0,58.45,13.248535,52.249495,64.650505,1481.45,42.337584,1461.635401,1501.264599,17989.5,134.064988,17926.755654,18052.244346
main,5,0.2,100.0,unique,P3-Persist,20,0.664156,0.008413,0.660218,0.668093,0.832467,0.007051,0.829167,0.835767,0.174574,0.007084,0.171259,0.17789,0.0,0.0,0.0,0.0,18.6,38.569691,0.548829,36.651171,79.5,37.44821,61.973698,97.026302,100.0,0.0,100.0,100.0,49724.64,104.754433,49675.613416,49773.666584,0.199981,0.00066,0.199672,0.20029,207.55,7.680974,203.955193,211.144807,0.0,0.0,0.0,0.0,0.0,0.0,0.0,0.0,25.05,5.735164,22.365861,27.734139,1481.45,42.337584,1461.635401,1501.264599,17989.25,134.021552,17926.525983,18051.974017
main,5,0.2,1000.0,unique,BudgetDoS,20,0.452058,0.054399,0.426599,0.477517,0.565666,0.06715,0.534238,0.597093,0.434335,0.06715,0.402907,0.465762,0.0,0.0,0.0,0.0,0.0,0.0,0.0,0.0,0.0,0.0,0.0,0.0,0.0,0.0,0.0,0.0,45622.08,264.638524,45498.225359,45745.934641,0.199951,0.000572,0.199684,0.200219,0.0,0.0,0.0,0.0,0.0,0.0,0.0,0.0,0.0,0.0,0.0,0.0,885.55,137.184269,821.345786,949.754214,19791.05,165.218667,19713.725284,19868.374716,197678.25,331.647701,197523.034098,197833.465902
main,5,0.2,1000.0,unique,P3-NoPersist,20,0.45087,0.048489,0.428177,0.473564,0.564257,0.060436,0.535972,0.592542,0.435962,0.060497,0.407649,0.464276,0.0,0.0,0.0,0.0,0.0,0.0,0.0,0.0,0.0,0.0,0.0,0.0,0.0,0.0,0.0,0.0,45623.088,259.370512,45501.698864,45744.477136,0.199951,0.000572,0.199684,0.200219,0.0,0.0,0.0,0.0,0.0,0.0,0.0,0.0,0.0,0.0,0.0,0.0,56.3,22.019369,45.994618,66.605382,14784.2,146.428211,14715.669488,14852.730512,18010.85,93.802859,17966.948911,18054.751089
main,5,0.2,1000.0,unique,P3-Persist,20,0.664427,0.007913,0.660723,0.66813,0.831558,0.005187,0.82913,0.833985,0.175253,0.00591,0.172487,0.178019,0.0,0.0,0.0,0.0,17.7,37.162658,0.307341,35.092659,70.0,47.016235,47.995725,92.004275,100.0,0.0,100.0,100.0,45674.496,270.110741,45548.080282,45800.911718,0.199951,0.000572,0.199684,0.200219,207.65,8.969392,203.452195,211.847805,0.0,0.0,0.0,0.0,0.0,0.0,0.0,0.0,22.0,6.488857,18.963122,25.036878,14784.15,146.360505,14715.651175,14852.648825,18010.6,93.717043,17966.739074,18054.460926
main,5,0.2,5000.0,unique,BudgetDoS,20,0.436334,0.072247,0.402521,0.470146,0.547053,0.09163,0.504169,0.589937,0.452947,0.09163,0.410063,0.495831,0.0,0.0,0.0,0.0,0.0,0.0,0.0,0.0,0.0,0.0,0.0,0.0,0.0,0.0,0.0,0.0,33415.2,582.991214,33142.351713,33688.048287,0.199826,0.000586,0.199551,0.2001,0.0,0.0,0.0,0.0,0.0,0.0,0.0,0.0,0.0,0.0,0.0,0.0,927.55,189.938072,838.656246,1016.443754,99269.55,249.1027,99152.966348,99386.133652,198349.6,413.191991,198156.220196,198542.979804
main,5,0.2,5000.0,unique,P3-NoPersist,20,0.449514,0.042388,0.429676,0.469353,0.563228,0.052138,0.538827,0.587629,0.437068,0.052136,0.412667,0.461468,0.0,0.0,0.0,0.0,0.0,0.0,0.0,0.0,0.0,0.0,0.0,0.0,0.0,0.0,0.0,0.0,33412.176,575.449107,33142.857528,33681.494472,0.199826,0.000586,0.199551,0.2001,0.0,0.0,0.0,0.0,0.0,0.0,0.0,0.0,0.0,0.0,0.0,0.0,61.35,20.178871,51.905998,70.794002,74201.85,204.569194,74106.10867,74297.59133,18037.9,104.814071,17988.845505,18086.954495
main,5,0.2,5000.0,unique,P3-Persist,20,0.664345,0.010031,0.65965,0.66904,0.83245,0.005669,0.829797,0.835103,0.174659,0.005753,0.171967,0.177352,0.0,0.0,0.0,0.0,25.0,44.426166,4.207914,45.792086,75.0,41.35851,55.643622,94.356378,100.0,0.0,100.0,100.0,33453.504,556.134519,33193.225033,33713.782967,0.199826,0.000586,0.199551,0.2001,208.1,10.041493,203.400437,212.799563,0.0,0.0,0.0,0.0,0.0,0.0,0.0,0.0,24.2,4.926833,21.894171,26.505829,74200.85,204.620387,74105.084711,74296.615289,18037.85,104.777094,17988.81281,18086.88719
main,5,0.4,100.0,unique,BudgetDoS,20,0.308274,0.06239,0.279074,0.337474,0.512512,0.10344,0.4641,0.560924,0.487488,0.10344,0.439076,0.5359,0.0,0.0,0.0,0.0,0.0,0.0,0.0,0.0,0.0,0.0,0.0,0.0,0.0,0.0,0.0,0.0,49653.072,106.37046,49603.289092,49702.854908,0.399958,0.001059,0.399463,0.400454,0.0,0.0,0.0,0.0,0.0,0.0,0.0,0.0,0.0,0.0,0.0,0.0,748.75,155.375902,676.031839,821.468161,1479.5,49.615893,1456.279047,1502.720953,147494.35,306.759167,147350.78229,147637.91771
main,5,0.4,100.0,unique,P3-NoPersist,20,0.338995,0.024779,0.327398,0.350591,0.563504,0.039675,0.544936,0.582073,0.437079,0.039439,0.418621,0.455537,0.0,0.0,0.0,0.0,0.0,0.0,0.0,0.0,0.0,0.0,0.0,0.0,0.0,0.0,0.0,0.0,49667.184,108.323289,49616.48714,49717.88086,0.399958,0.001059,0.399463,0.400454,0.0,0.0,0.0,0.0,0.0,0.0,0.0,0.0,0.0,0.0,0.0,0.0,44.65,12.162388,38.957827,50.342173,1106.55,44.28315,1085.824848,1127.275152,13481.35,128.913792,13421.016488,13541.683512
main,5,0.4,100.0,unique,P3-Persist,20,0.482583,0.010736,0.477558,0.487608,0.802174,0.008234,0.79832,0.806028,0.205532,0.009006,0.201317,0.209746,0.0,0.0,0.0,0.0,34.45,46.014271,12.914658,55.985342,75.75,40.49935,56.795721,94.704279,100.0,0.0,100.0,100.0,49714.56,97.455244,49668.949542,49760.170458,0.399958,0.001059,0.399463,0.400454,163.7,8.712363,159.622489,167.777511,0.0,0.0,0.0,0.0,0.0,0.0,0.0,0.0,23.3,6.173799,20.410573,26.189427,1106.5,44.382903,1085.728162,1127.271838,13481.4,128.783539,13421.127448,13541.672552
main,5,0.4,1000.0,unique,BudgetDoS,20,0.330839,0.047304,0.308699,0.352978,0.546434,0.077981,0.509937,0.58293,0.453566,0.077981,0.41707,0.490063,0.0,0.0,0.0,0.0,0.0,0.0,0.0,0.0,0.0,0.0,0.0,0.0,0.0,0.0,0.0,0.0,45628.128,276.427732,45498.755839,45757.500161,0.399951,0.001034,0.399467,0.400435,0.0,0.0,0.0,0.0,0.0,0.0,0.0,0.0,0.0,0.0,0.0,0.0,700.7,120.041703,644.518753,756.881247,14776.6,128.381176,14716.51576,14836.68424,147714.9,382.087604,147536.077497,147893.722503
main,5,0.4,1000.0,unique,P3-NoPersist,20,0.347542,0.035237,0.331051,0.364034,0.573911,0.057031,0.547219,0.600602,0.426414,0.056951,0.39976,0.453067,0.0,0.0,0.0,0.0,0.0,0.0,0.0,0.0,0.0,0.0,0.0,0.0,0.0,0.0,0.0,0.0,45634.176,262.235031,45511.446228,45756.905772,0.399951,0.001034,0.399467,0.400435,0.0,0.0,0.0,0.0,0.0,0.0,0.0,0.0,0.0,0.0,0.0,0.0,43.7,16.50869,35.973695,51.426305,11032.4,118.484021,10976.947771,11087.852229,13469.0,104.766407,13419.967812,13518.032188
main,5,0.4,1000.0,unique,P3-Persist,20,0.48609,0.008142,0.482279,0.4899,0.802804,0.005477,0.80024,0.805367,0.204807,0.005987,0.202005,0.207609,0.0,0.0,0.0,0.0,30.2,41.190955,10.92204,49.47796,84.75,36.543953,67.646903,101.853097,100.0,0.0,100.0,100.0,45687.6,263.899916,45564.091037,45811.108963,0.399951,0.001034,0.399467,0.400435,163.65,6.998308,160.374691,166.925309,0.0,0.0,0.0,0.0,0.0,0.0,0.0,0.0,20.65,6.539556,17.589394,23.710606,11032.2,118.410348,10976.782251,11087.617749,13468.55,104.91474,13419.44839,13517.65161
main,5,0.4,5000.0,unique,BudgetDoS,20,0.338179,0.038714,0.32006,0.356298,0.563232,0.063756,0.533394,0.593071,0.436768,0.063756,0.406929,0.466606,0.0,0.0,0.0,0.0,0.0,0.0,0.0,0.0,0.0,0.0,0.0,0.0,0.0,0.0,0.0,0.0,33490.8,390.636365,33307.976553,33673.623447,0.400168,0.000932,0.399732,0.400605,0.0,0.0,0.0,0.0,0.0,0.0,0.0,0.0,0.0,0.0,0.0,0.0,671.95,91.188339,629.272544,714.627456,74206.4,223.487525,74101.804619,74310.995381,148251.5,462.043459,148035.257005,148467.742995
main,5,0.4,5000.0,unique,P3-NoPersist,20,0.33241,0.028749,0.318955,0.345865,0.553978,0.050413,0.530384,0.577572,0.446346,0.050457,0.422731,0.46996,0.0,0.0,0.0,0.0,0.0,0.0,0.0,0.0,0.0,0.0,0.0,0.0,0.0,0.0,0.0,0.0,33493.824,386.923866,33312.738056,33674.909944,0.400168,0.000932,0.399732,0.400605,0.0,0.0,0.0,0.0,0.0,0.0,0.0,0.0,0.0,0.0,0.0,0.0,46.05,16.113006,38.508881,53.591119,55495.5,213.467488,55395.59414,55595.40586,13484.4,84.612678,13444.800048,13523.999952
main,5,0.4,5000.0,unique,P3-Persist,20,0.482278,0.008676,0.478217,0.486338,0.803271,0.00609,0.800421,0.806121,0.204016,0.007192,0.20065,0.207382,0.0,0.0,0.0,0.0,28.3,43.636175,7.877641,48.722359,83.5,36.132068,66.589672,100.410328,100.0,0.0,100.0,100.0,33516.0,385.156259,33335.741322,33696.258678,0.400168,0.000932,0.399732,0.400605,163.85,5.224185,161.405006,166.294994,0.0,0.0,0.0,0.0,0.0,0.0,0.0,0.0,20.4,5.67914,17.742081,23.057919,55495.0,213.357866,55395.145445,55594.854555,13484.3,84.894424,13444.568187,13524.031813
