num_bonded,rl_capacity,attack_rpa_rate_per_min,method,n,aes_attempts_total_mean,aes_attempts_total_sd,sram_bytes_mean,sram_bytes_sd
128,16,0.0,BudgetDoS,5,43880.2,814.154592,1152.0,0.0
128,16,0.0,Freq-RL,5,45851.8,2361.005654,1088.0,0.0
128,16,0.0,FullScan-Host,5,52033.8,2372.408312,0.0,0.0
128,16,0.0,LRU-RL,5,46051.6,2359.867645,1088.0,0.0
128,16,0.0,P3-NoPersist,5,43546.6,752.503688,2192.0,0.0
128,16,0.0,StaticRL,5,45541.0,2075.567874,0.0,0.0
128,16,0.0,TrustOnly,5,46051.6,2359.867645,1104.0,0.0
128,16,0.0,ZephyrCache,5,44537.2,1861.33667,1024.0,0.0
128,16,100.0,BudgetDoS,5,44885.0,7.516648,1152.0,0.0
128,16,100.0,Freq-RL,5,90223.4,1299.696234,1088.0,0.0
128,16,100.0,FullScan-Host,5,102820.8,1381.785693,0.0,0.0
128,16,100.0,LRU-RL,5,90356.6,1260.986638,1088.0,0.0
128,16,100.0,P3-NoPersist,5,44801.8,0.83666,2192.0,0.0
128,16,100.0,StaticRL,5,89979.2,1209.239306,0.0,0.0
128,16,100.0,TrustOnly,5,90356.6,1260.986638,1104.0,0.0
128,16,100.0,ZephyrCache,5,89291.6,1292.853549,1024.0,0.0
128,16,1000.0,BudgetDoS,5,44891.6,8.677557,1152.0,0.0
128,16,1000.0,Freq-RL,5,495555.4,8955.423262,1088.0,0.0
128,16,1000.0,FullScan-Host,5,565828.2,10133.509175,0.0,0.0
128,16,1000.0,LRU-RL,5,495577.6,8892.278831,1088.0,0.0
128,16,1000.0,P3-NoPersist,5,44805.6,3.209361,2192.0,0.0
128,16,1000.0,StaticRL,5,495111.4,8866.808772,0.0,0.0
128,16,1000.0,TrustOnly,5,495577.6,8892.278831,1104.0,0.0
128,16,1000.0,ZephyrCache,5,494464.0,9085.229001,1024.0,0.0
128,16,10000.0,BudgetDoS,5,44902.8,9.230385,1152.0,0.0
128,16,10000.0,Freq-RL,5,4514373.0,17573.164029,1088.0,0.0
128,16,10000.0,FullScan-Host,5,5158964.2,20274.647228,0.0,0.0
128,16,10000.0,LRU-RL,5,4514262.0,17562.523907,1088.0,0.0
128,16,10000.0,P3-NoPersist,5,44805.4,1.140175,2192.0,0.0
128,16,10000.0,StaticRL,5,4514106.6,17739.503088,0.0,0.0
128,16,10000.0,TrustOnly,5,4514262.0,17562.523907,1104.0,0.0
128,16,10000.0,ZephyrCache,5,4513426.4,17717.646607,1024.0,0.0
128,32,0.0,BudgetDoS,5,36834.8,868.708639,1216.0,0.0
128,32,0.0,Freq-RL,5,37737.2,1615.994647,1152.0,0.0
128,32,0.0,FullScan-Host,5,50281.2,2154.789711,0.0,0.0
128,32,0.0,LRU-RL,5,37737.2,1615.994647,1152.0,0.0
128,32,0.0,P3-NoPersist,5,36741.2,870.096374,2256.0,0.0
128,32,0.0,StaticRL,5,37737.2,1615.994647,0.0,0.0
128,32,0.0,TrustOnly,5,37737.2,1615.994647,1168.0,0.0
128,32,0.0,ZephyrCache,5,37643.6,1615.526323,1024.0,0.0
128,32,100.0,BudgetDoS,5,38498.4,4.393177,1216.0,0.0
128,32,100.0,Freq-RL,5,76149.6,1019.114959,1152.0,0.0
128,32,100.0,FullScan-Host,5,101500.0,1358.071611,0.0,0.0
128,32,100.0,LRU-RL,5,76149.6,1019.114959,1152.0,0.0
128,32,100.0,P3-NoPersist,5,38410.2,3.271085,2256.0,0.0
128,32,100.0,StaticRL,5,76149.6,1019.114959,0.0,0.0
128,32,100.0,TrustOnly,5,76149.6,1019.114959,1168.0,0.0
128,32,100.0,ZephyrCache,5,76061.4,1017.842964,1024.0,0.0
128,32,1000.0,BudgetDoS,5,38505.8,9.257429,1216.0,0.0
128,32,1000.0,Freq-RL,5,423254.6,7775.009151,1152.0,0.0
128,32,1000.0,FullScan-Host,5,564304.2,10367.343618,0.0,0.0
128,32,1000.0,LRU-RL,5,423254.6,7775.009151,1152.0,0.0
128,32,1000.0,P3-NoPersist,5,38413.4,2.302173,2256.0,0.0
128,32,1000.0,StaticRL,5,423254.6,7775.009151,0.0,0.0
128,32,1000.0,TrustOnly,5,423254.6,7775.009151,1168.0,0.0
128,32,1000.0,ZephyrCache,5,423162.2,7778.116719,1024.0,0.0
128,32,10000.0,BudgetDoS,5,38512.4,10.139033,1216.0,0.0
128,32,10000.0,Freq-RL,5,3868394.0,15223.226268,1152.0,0.0
128,32,10000.0,FullScan-Host,5,5157821.2,20299.872246,0.0,0.0
128,32,10000.0,LRU-RL,5,3868394.0,15223.226268,1152.0,0.0
128,32,10000.0,P3-NoPersist,5,38409.4,1.341641,2256.0,0.0
128,32,10000.0,StaticRL,5,3868394.0,15223.226268,0.0,0.0
128,32,10000.0,TrustOnly,5,3868394.0,15223.226268,1168.0,0.0
128,32,10000.0,ZephyrCache,5,3868291.0,15229.245713,1024.0,0.0
128,8,0.0,BudgetDoS,5,47663.8,474.073518,1120.0,0.0
128,8,0.0,Freq-RL,5,51191.2,2443.324006,1056.0,0.0
128,8,0.0,FullScan-Host,5,53888.0,2490.82115,0.0,0.0
128,8,0.0,LRU-RL,5,52143.2,2576.908361,1056.0,0.0
128,8,0.0,P3-NoPersist,5,46752.0,789.632826,2160.0,0.0
128,8,0.0,StaticRL,5,50524.8,2335.016317,0.0,0.0
128,8,0.0,TrustOnly,5,52143.2,2576.908361,1072.0,0.0
128,8,0.0,ZephyrCache,5,48194.0,2024.811349,1024.0,0.0
128,8,100.0,BudgetDoS,5,48068.4,7.092249,1120.0,0.0
128,8,100.0,Freq-RL,5,98542.0,1421.853544,1056.0,0.0
128,8,100.0,FullScan-Host,5,104725.8,1451.59712,0.0,0.0
128,8,100.0,LRU-RL,5,99351.2,1354.860399,1056.0,0.0
128,8,100.0,P3-NoPersist,5,48000.0,0.0,2160.0,0.0
128,8,100.0,StaticRL,5,98185.0,1360.981631,0.0,0.0
128,8,100.0,TrustOnly,5,99351.2,1354.860399,1072.0,0.0
128,8,100.0,ZephyrCache,5,96192.8,1421.476943,1024.0,0.0
128,8,1000.0,BudgetDoS,5,48072.6,10.114346,1120.0,0.0
128,8,1000.0,Freq-RL,5,532730.8,9686.375803,1056.0,0.0
128,8,1000.0,FullScan-Host,5,567530.0,10403.371977,0.0,0.0
128,8,1000.0,LRU-RL,5,533944.6,9893.408907,1056.0,0.0
128,8,1000.0,P3-NoPersist,5,48001.2,1.095445,2160.0,0.0
128,8,1000.0,StaticRL,5,532064.4,9753.020932,0.0,0.0
128,8,1000.0,TrustOnly,5,533944.6,9893.408907,1072.0,0.0
128,8,1000.0,ZephyrCache,5,530353.6,9795.267878,1024.0,0.0
128,8,10000.0,BudgetDoS,5,48084.6,12.239281,1120.0,0.0
128,8,10000.0,Freq-RL,5,4838986.8,18911.806754,1056.0,0.0
128,8,10000.0,FullScan-Host,5,5161301.0,19986.058191,0.0,0.0
128,8,10000.0,LRU-RL,5,4839938.8,18713.892479,1056.0,0.0
128,8,10000.0,P3-NoPersist,5,48001.0,1.0,2160.0,0.0
128,8,10000.0,StaticRL,5,4838725.0,18736.648953,0.0,0.0
128,8,10000.0,TrustOnly,5,4839938.8,18713.892479,1072.0,0.0
128,8,10000.0,ZephyrCache,5,4836361.0,18903.19182,1024.0,0.0
512,16,0.0,BudgetDoS,5,198671.8,21.970435,4224.0,0.0
512,16,0.0,Freq-RL,5,252542.0,14137.853355,4160.0,0.0
512,16,0.0,FullScan-Host,5,255263.0,13315.29902,0.0,0.0
512,16,0.0,LRU-RL,5,272144.0,11937.936903,4160.0,0.0
512,16,0.0,P3-NoPersist,5,195623.0,2818.824489,5264.0,0.0
512,16,0.0,StaticRL,5,247295.0,12898.837932,0.0,0.0
512,16,0.0,TrustOnly,5,272144.0,11937.936903,4176.0,0.0
512,16,0.0,ZephyrCache,5,212190.8,9645.52024,1024.0,0.0
512,16,100.0,BudgetDoS,5,198657.4,15.883954,4224.0,0.0
512,16,100.0,Freq-RL,5,460753.6,5359.157145,4160.0,0.0
512,16,100.0,FullScan-Host,5,469987.0,6577.178308,0.0,0.0
512,16,100.0,LRU-RL,5,477088.6,6595.323745,4160.0,0.0
512,16,100.0,P3-NoPersist,5,198400.0,0.0,5264.0,0.0
512,16,100.0,StaticRL,5,455308.6,6371.468849,0.0,0.0
512,16,100.0,TrustOnly,5,477088.6,6595.323745,4176.0,0.0
512,16,100.0,ZephyrCache,5,419321.4,5802.104299,1024.0,0.0
512,16,1000.0,BudgetDoS,5,198652.0,23.0,4224.0,0.0
512,16,1000.0,Freq-RL,5,2250325.0,26037.287416,4160.0,0.0
512,16,1000.0,FullScan-Host,5,2319534.8,25397.826338,0.0,0.0
512,16,1000.0,LRU-RL,5,2268442.0,23443.606293,4160.0,0.0
512,16,1000.0,P3-NoPersist,5,198400.2,0.447214,5264.0,0.0
512,16,1000.0,StaticRL,5,2247058.0,24604.220034,0.0,0.0
512,16,1000.0,TrustOnly,5,2268442.0,23443.606293,4176.0,0.0
512,16,1000.0,ZephyrCache,5,2211170.2,24853.856536,1024.0,0.0
512,16,10000.0,BudgetDoS,5,198673.4,60.83831,4224.0,0.0
512,16,10000.0,Freq-RL,5,20154745.0,72091.167073,4160.0,0.0
512,16,10000.0,FullScan-Host,5,20798654.8,72619.815496,0.0,0.0
512,16,10000.0,LRU-RL,5,20173060.0,72031.977534,4160.0,0.0
512,16,10000.0,P3-NoPersist,5,198401.6,1.516575,5264.0,0.0
512,16,10000.0,StaticRL,5,20148706.0,70349.80517,0.0,0.0
512,16,10000.0,TrustOnly,5,20173060.0,72031.977534,4176.0,0.0
512,16,10000.0,ZephyrCache,5,20111711.6,73344.54725,1024.0,0.0
512,32,0.0,BudgetDoS,5,192313.4,10.526158,4288.0,0.0
512,32,0.0,Freq-RL,5,225915.0,10052.921441,4224.0,0.0
512,32,0.0,FullScan-Host,5,231654.8,11713.039217,0.0,0.0
512,32,0.0,LRU-RL,5,230800.8,9833.91205,4224.0,0.0
512,32,0.0,P3-NoPersist,5,188931.2,2990.8021,5328.0,0.0
512,32,0.0,StaticRL,5,217197.2,10980.3865,0.0,0.0
512,32,0.0,TrustOnly,5,230800.8,9833.91205,4240.0,0.0
512,32,0.0,ZephyrCache,5,200172.8,8438.726071,1024.0,0.0
512,32,100.0,BudgetDoS,5,192299.6,18.311199,4288.0,0.0
512,32,100.0,Freq-RL,5,427122.4,9235.59618,4224.0,0.0
512,32,100.0,FullScan-Host,5,448218.4,5577.486782,0.0,0.0
512,32,100.0,LRU-RL,5,433541.0,4560.490379,4224.0,0.0
512,32,100.0,P3-NoPersist,5,192000.6,0.547723,5328.0,0.0
512,32,100.0,StaticRL,5,420224.8,5228.850466,0.0,0.0
512,32,100.0,TrustOnly,5,433541.0,4560.490379,4240.0,0.0
512,32,100.0,ZephyrCache,5,401579.8,5469.740963,1024.0,0.0
512,32,1000.0,BudgetDoS,5,192307.6,22.831995,4288.0,0.0
512,32,1000.0,Freq-RL,5,2158486.8,25240.501217,4224.0,0.0
512,32,1000.0,FullScan-Host,5,2294189.2,24964.239928,0.0,0.0
512,32,1000.0,LRU-RL,5,2165288.6,23780.815783,4224.0,0.0
512,32,1000.0,P3-NoPersist,5,192005.4,2.073644,5328.0,0.0
512,32,1000.0,StaticRL,5,2150822.8,23404.195077,0.0,0.0
512,32,1000.0,TrustOnly,5,2165288.6,23780.815783,4240.0,0.0
512,32,1000.0,ZephyrCache,5,2135722.8,23458.288486,1024.0,0.0
512,32,10000.0,BudgetDoS,5,192323.8,54.527058,4288.0,0.0
512,32,10000.0,Freq-RL,5,19484004.0,70262.880481,4224.0,0.0
512,32,10000.0,FullScan-Host,5,20773309.2,73160.270063,0.0,0.0
512,32,10000.0,LRU-RL,5,19492817.6,68632.658005,4224.0,0.0
512,32,10000.0,P3-NoPersist,5,192009.6,2.792848,5328.0,0.0
512,32,10000.0,StaticRL,5,19474998.8,68586.430113,0.0,0.0
512,32,10000.0,TrustOnly,5,19492817.6,68632.658005,4240.0,0.0
512,32,10000.0,ZephyrCache,5,19457965.2,70658.929993,1024.0,0.0
512,8,0.0,BudgetDoS,5,201830.6,19.781304,4192.0,0.0
512,8,0.0,Freq-RL,5,278038.6,10665.48711,4128.0,0.0
512,8,0.0,FullScan-Host,5,279586.6,10526.55313,0.0,0.0
512,8,0.0,LRU-RL,5,309828.2,8124.26801,4128.0,0.0
512,8,0.0,P3-NoPersist,5,198677.4,2881.955638,5232.0,0.0
512,8,0.0,StaticRL,5,275221.8,10361.959236,0.0,0.0
512,8,0.0,TrustOnly,5,309828.2,8124.26801,4144.0,0.0
512,8,0.0,ZephyrCache,5,216418.0,9613.08088,1024.0,0.0
512,8,100.0,BudgetDoS,5,201820.4,15.453155,4192.0,0.0
512,8,100.0,Freq-RL,5,485785.8,4686.964284,4128.0,0.0
512,8,100.0,FullScan-Host,5,491244.6,5187.23701,0.0,0.0
512,8,100.0,LRU-RL,5,517474.8,8139.626201,4128.0,0.0
512,8,100.0,P3-NoPersist,5,201600.0,0.0,5232.0,0.0
512,8,100.0,StaticRL,5,483572.6,5106.24361,0.0,0.0
512,8,100.0,TrustOnly,5,517474.8,8139.626201,4144.0,0.0
512,8,100.0,ZephyrCache,5,427392.4,6305.057993,1024.0,0.0
512,8,1000.0,BudgetDoS,5,201806.0,25.951879,4192.0,0.0
512,8,1000.0,Freq-RL,5,2309754.2,24639.302287,4128.0,0.0
512,8,1000.0,FullScan-Host,5,2342734.2,25302.975353,0.0,0.0
512,8,1000.0,LRU-RL,5,2337721.0,23067.297869,4128.0,0.0
512,8,1000.0,P3-NoPersist,5,201600.0,0.0,5232.0,0.0
512,8,1000.0,StaticRL,5,2306132.6,24907.666918,0.0,0.0
512,8,1000.0,TrustOnly,5,2337721.0,23067.297869,4144.0,0.0
512,8,1000.0,ZephyrCache,5,2247840.2,24740.057643,1024.0,0.0
512,8,10000.0,BudgetDoS,5,201818.6,49.812649,4192.0,0.0
512,8,10000.0,Freq-RL,5,20502250.8,74251.243052,4128.0,0.0
512,8,10000.0,FullScan-Host,5,20824818.0,73657.17869,0.0,0.0
512,8,10000.0,LRU-RL,5,20530217.6,71888.082804,4128.0,0.0
512,8,10000.0,P3-NoPersist,5,201600.0,0.0,5232.0,0.0
512,8,10000.0,StaticRL,5,20499434.0,72505.94285,0.0,0.0
512,8,10000.0,TrustOnly,5,20530217.6,71888.082804,4144.0,0.0
512,8,10000.0,ZephyrCache,5,20437401.8,74164.560783,1024.0,0.0
