rl_capacity,attack_rpa_rate_per_min,method,n,aes_attempts_total_mean,aes_attempts_total_sd,attack_aes_amplification_mean,attack_aes_amplification_sd,legit_resolution_rate_mean,legit_resolution_rate_sd,false_defer_legit_rate_mean,false_defer_legit_rate_sd
16,0.0,BudgetDoS,35,109552.771429,138257.791655,0.0,0.0,0.960137,0.058682,0.039863,0.058682
16,0.0,Freq-RL,35,161812.628571,237635.947876,0.0,0.0,1.0,0.0,0.0,0.0
16,0.0,FullScan-Host,35,166680.228571,235910.417336,0.0,0.0,1.0,0.0,0.0,0.0
16,0.0,LRU-RL,35,181668.857143,277526.502887,0.0,0.0,1.0,0.0,0.0,0.0
16,0.0,P3-NoPersist,35,108836.514286,137865.57771,0.0,0.0,0.987983,0.022303,0.016981,0.025717
16,0.0,StaticRL,35,159365.942857,234279.484295,0.0,0.0,1.0,0.0,0.0,0.0
16,0.0,TrustOnly,35,181668.857143,277526.502887,0.0,0.0,1.0,0.0,0.014928,0.018167
16,0.0,ZephyrCache,35,137049.257143,194752.032596,0.0,0.0,1.0,0.0,0.0,0.0
16,100.0,BudgetDoS,35,109868.485714,138058.926972,10632.114286,12013.404454,0.906259,0.099319,0.093741,0.099319
16,100.0,Freq-RL,35,278003.028571,387507.282874,27805.714286,35594.169758,1.0,0.0,0.0,0.0
16,100.0,FullScan-Host,35,289505.228571,386283.513605,29399.314286,35620.189893,1.0,0.0,0.0,0.0
16,100.0,LRU-RL,35,295525.085714,422434.590049,27805.714286,35594.169758,1.0,0.0,0.0,0.0
16,100.0,P3-NoPersist,35,109716.0,137895.912628,11672.685714,13806.98662,0.949575,0.050938,0.052857,0.053222
16,100.0,StaticRL,35,275641.914286,384458.419888,27805.714286,35594.169758,1.0,0.0,0.0,0.0
16,100.0,TrustOnly,35,295525.085714,422434.590049,27805.714286,35594.169758,1.0,0.0,0.011405,0.015824
16,100.0,ZephyrCache,35,251482.714286,341092.302689,27805.714286,35594.169758,1.0,0.0,0.0,0.0
16,1000.0,BudgetDoS,35,109863.371429,138043.690304,23790.171429,29267.287796,0.850023,0.159531,0.149977,0.159531
16,1000.0,Freq-RL,35,1270427.4,1636251.438273,276050.971429,348355.766088,1.0,0.0,0.0,0.0
16,1000.0,FullScan-Host,35,1340042.342857,1635187.638926,292098.4,348403.752319,1.0,0.0,0.0,0.0
16,1000.0,LRU-RL,35,1288547.085714,1671305.819885,276050.971429,348355.766088,1.0,0.0,0.0,0.0
16,1000.0,P3-NoPersist,35,109716.885714,137895.118958,24009.142857,29688.721639,0.87031,0.131384,0.130591,0.132558
16,1000.0,StaticRL,35,1268366.457143,1633288.432604,276050.971429,348355.766088,1.0,0.0,0.0,0.0
16,1000.0,TrustOnly,35,1288547.085714,1671305.819885,276050.971429,348355.766088,1.0,0.0,0.013242,0.018032
16,1000.0,ZephyrCache,35,1244074.257143,1589983.873228,276050.971429,348355.766088,1.0,0.0,0.0,0.0
16,10000.0,BudgetDoS,35,109864.6,138044.634056,27019.428571,33901.056879,0.827716,0.19728,0.172284,0.19728
16,10000.0,Freq-RL,35,11125192.428571,14014494.38064,2738947.771429,3441384.071733,1.0,0.0,0.0,0.0
16,10000.0,FullScan-Host,35,11768418.857143,14011211.684076,2898732.457143,3441375.654884,1.0,0.0,0.0,0.0
16,10000.0,LRU-RL,35,11143642.228571,14050189.722378,2738947.771429,3441384.071733,1.0,0.0,0.0,0.0
16,10000.0,P3-NoPersist,35,109717.057143,137895.592818,27019.428571,33901.056879,0.834012,0.188301,0.166087,0.18838
16,10000.0,StaticRL,35,11121810.4,14009439.492223,2738947.771429,3441384.071733,1.0,0.0,0.0,0.0
16,10000.0,TrustOnly,35,11143642.228571,14050189.722378,2738947.771429,3441384.071733,1.0,0.0,0.015185,0.019164
16,10000.0,ZephyrCache,35,11098108.885714,13968081.63969,2738947.771429,3441384.071733,1.0,0.0,0.0,0.0
32,0.0,BudgetDoS,35,104001.771429,137540.193357,0.0,0.0,0.97889,0.037292,0.02111,0.037292
32,0.0,Freq-RL,35,141753.485714,211782.373674,0.0,0.0,1.0,0.0,0.0,0.0
32,0.0,FullScan-Host,35,150082.342857,206753.50707,0.0,0.0,1.0,0.0,0.0,0.0
32,0.0,LRU-RL,35,151732.885714,233761.202782,0.0,0.0,1.0,0.0,0.0,0.0
32,0.0,P3-NoPersist,35,103351.485714,137073.69831,0.0,0.0,0.989448,0.020262,0.013871,0.023741
32,0.0,StaticRL,35,137099.028571,203776.800669,0.0,0.0,1.0,0.0,0.0,0.0
32,0.0,TrustOnly,35,151732.885714,233761.202782,0.0,0.0,1.0,0.0,0.007141,0.010841
32,0.0,ZephyrCache,35,126052.857143,183565.308855,0.0,0.0,1.0,0.0,0.0,0.0
32,100.0,BudgetDoS,35,104405.8,137353.164032,10593.142857,12867.620524,0.946923,0.073327,0.053077,0.073327
32,100.0,Freq-RL,35,251231.485714,358500.97022,26433.142857,35394.553899,1.0,0.0,0.0,0.0
32,100.0,FullScan-Host,35,272377.085714,355635.29875,29399.314286,35620.189893,1.0,0.0,0.0,0.0
32,100.0,LRU-RL,35,261266.342857,379685.767559,26433.142857,35394.553899,1.0,0.0,0.0,0.0
32,100.0,P3-NoPersist,35,104233.028571,137165.001341,11125.942857,13838.929077,0.963468,0.048181,0.038256,0.050357
32,100.0,StaticRL,35,247207.257143,351631.421195,26433.142857,35394.553899,1.0,0.0,0.0,0.0
32,100.0,TrustOnly,35,261266.342857,379685.767559,26433.142857,35394.553899,1.0,0.0,0.006566,0.01099
32,100.0,ZephyrCache,35,234979.2,329197.012923,26433.142857,35394.553899,1.0,0.0,0.0,0.0
32,1000.0,BudgetDoS,35,104405.857143,137346.389777,23048.914286,29993.377639,0.918406,0.115881,0.081594,0.115881
32,1000.0,Freq-RL,35,1193081.485714,1598970.315261,262284.114286,346489.209648,1.0,0.0,0.0,0.0
32,1000.0,FullScan-Host,35,1321753.171429,1603312.880523,292098.4,348403.752319,1.0,0.0,0.0,0.0
32,1000.0,LRU-RL,35,1204866.4,1623512.855523,262284.114286,346489.209648,1.0,0.0,0.0,0.0
32,1000.0,P3-NoPersist,35,104234.285714,137163.051879,23091.428571,30086.766153,0.924669,0.104443,0.076049,0.105504
32,1000.0,StaticRL,35,1189266.314286,1592656.975096,262284.114286,346489.209648,1.0,0.0,0.0,0.0
32,1000.0,TrustOnly,35,1204866.4,1623512.855523,262284.114286,346489.209648,1.0,0.0,0.007896,0.012704
32,1000.0,ZephyrCache,35,1178351.0,1572456.131711,262284.114286,346489.209648,1.0,0.0,0.0,0.0
32,10000.0,BudgetDoS,35,104410.171429,137350.557424,25679.542857,33733.066142,0.91041,0.127027,0.08959,0.127027
32,10000.0,Freq-RL,35,10555918.457143,13912658.00181,2602054.4,3423056.208473,1.0,0.0,0.0,0.0
32,10000.0,FullScan-Host,35,11750987.6,13981002.914657,2898732.457143,3441375.654884,1.0,0.0,0.0,0.0
32,10000.0,LRU-RL,35,10567125.057143,13935371.603342,2602054.4,3423056.208473,1.0,0.0,0.0,0.0
32,10000.0,P3-NoPersist,35,104234.628571,137164.814731,25679.542857,33733.066142,0.910654,0.126573,0.089445,0.126685
32,10000.0,StaticRL,35,10551036.057143,13904503.352595,2602054.4,3423056.208473,1.0,0.0,0.0,0.0
32,10000.0,TrustOnly,35,10567125.057143,13935371.603342,2602054.4,3423056.208473,1.0,0.0,0.01029,0.013734
32,10000.0,ZephyrCache,35,10539410.8,13883675.425194,2602054.4,3423056.208473,1.0,0.0,0.0,0.0
8,0.0,BudgetDoS,35,112776.742857,138218.917463,0.0,0.0,0.935162,0.082451,0.064838,0.082451
8,0.0,Freq-RL,35,182305.2,268626.059442,0.0,0.0,1.0,0.0,0.0,0.0
8,0.0,FullScan-Host,35,184553.942857,267608.844324,0.0,0.0,1.0,0.0,0.0,0.0
8,0.0,LRU-RL,35,208927.314286,319445.219952,0.0,0.0,1.0,0.0,0.0,0.0
8,0.0,P3-NoPersist,35,111954.571429,137895.178057,0.0,0.0,0.987306,0.023096,0.018231,0.026387
8,0.0,StaticRL,35,180687.428571,266553.035104,0.0,0.0,1.0,0.0,0.0,0.0
8,0.0,TrustOnly,35,208927.314286,319445.219952,0.0,0.0,1.0,0.0,0.022788,0.026877
8,0.0,ZephyrCache,35,141814.942857,197700.559705,0.0,0.0,1.0,0.0,0.0,0.0
8,100.0,BudgetDoS,35,113043.6,138032.26257,10414.914286,11076.632323,0.850688,0.118782,0.149312,0.118782
8,100.0,Freq-RL,35,301481.314286,418580.718507,28602.514286,35607.158459,1.0,0.0,0.0,0.0
8,100.0,FullScan-Host,35,307250.685714,417927.076978,29399.314286,35620.189893,1.0,0.0,0.0,0.0
8,100.0,LRU-RL,35,326196.257143,464517.823369,28602.514286,35607.158459,1.0,0.0,0.0,0.0
8,100.0,P3-NoPersist,35,112914.885714,137895.961176,12002.8,13736.489998,0.933774,0.049046,0.07079,0.051358
8,100.0,StaticRL,35,300107.6,416774.661013,28602.514286,35607.158459,1.0,0.0,0.0,0.0
8,100.0,TrustOnly,35,326196.257143,464517.823369,28602.514286,35607.158459,1.0,0.0,0.02057,0.0231
8,100.0,ZephyrCache,35,259776.171429,344460.094008,28602.514286,35607.158459,1.0,0.0,0.0,0.0
8,1000.0,BudgetDoS,35,113035.142857,138016.434126,24148.228571,28676.51238,0.748338,0.195442,0.251662,0.195442
8,1000.0,Freq-RL,35,1323844.742857,1667976.580187,284074.685714,348379.743273,1.0,0.0,0.0,0.0
8,1000.0,FullScan-Host,35,1357974.028571,1666355.58444,292098.4,348403.752319,1.0,0.0,0.0,0.0
8,1000.0,LRU-RL,35,1348997.257143,1714961.337101,284074.685714,348379.743273,1.0,0.0,0.0,0.0
8,1000.0,P3-NoPersist,35,112915.342857,137895.691872,24597.142857,29519.861144,0.798845,0.149733,0.202296,0.150817
8,1000.0,StaticRL,35,1321922.371429,1665162.360354,284074.685714,348379.743273,1.0,0.0,0.0,0.0
8,1000.0,TrustOnly,35,1348997.257143,1714961.337101,284074.685714,348379.743273,1.0,0.0,0.022985,0.024471
8,1000.0,ZephyrCache,35,1281059.685714,1592833.88766,284074.685714,348379.743273,1.0,0.0,0.0,0.0
8,10000.0,BudgetDoS,35,113031.771429,138004.230003,27751.714286,33771.502508,0.726547,0.243812,0.273453,0.243812
8,10000.0,Freq-RL,35,11465946.142857,14045670.515078,2818840.114286,3441379.84808,1.0,0.0,0.0,0.0
8,10000.0,FullScan-Host,35,11787606.771429,14044192.489662,2898732.457143,3441375.654884,1.0,0.0,0.0,0.0
8,10000.0,LRU-RL,35,11490256.228571,14090839.267532,2818840.114286,3441379.84808,1.0,0.0,0.0,0.0
8,10000.0,P3-NoPersist,35,112915.257143,137895.809849,27758.971429,33787.356359,0.741043,0.228163,0.25909,0.228258
8,10000.0,StaticRL,35,11464074.2,14043045.284668,2818840.114286,3441379.84808,1.0,0.0,0.0,0.0
8,10000.0,TrustOnly,35,11490256.228571,14090839.267532,2818840.114286,3441379.84808,1.0,0.0,0.026832,0.025413
8,10000.0,ZephyrCache,35,11422772.314286,13971282.866963,2818840.114286,3441379.84808,1.0,0.0,0.0,0.0
