run_id,method,event_id,action,aes_attempts,matched,matched_device_id,deferred,delay_ms,false_defer,drop_reason
paper_walkthrough_persist,P3-Persist,0,host_scan,20,False,,False,0,False,
paper_walkthrough_persist,P3-Persist,1,skip_non_rpa,0,False,,False,0,False,
paper_walkthrough_persist,P3-Persist,2,host_scan,20,False,,False,0,False,
paper_walkthrough_persist,P3-Persist,3,host_scan,20,False,,True,100,False,
paper_walkthrough_persist,P3-Persist,4,host_scan,20,False,,False,0,False,
paper_walkthrough_persist,P3-Persist,5,host_scan,20,False,,False,0,False,
paper_walkthrough_persist,P3-Persist,6,budget_skip,0,False,,False,0,False,budget
paper_walkthrough_persist,P3-Persist,7,budget_skip,0,False,,False,0,False,budget
paper_walkthrough_persist,P3-Persist,8,defer,0,False,,True,1000,False,budget
paper_walkthrough_persist,P3-Persist,9,defer,0,False,,True,1000,False,budget
paper_walkthrough_persist,P3-Persist,10,budget_skip,0,False,,False,0,False,budget
paper_walkthrough_persist,P3-Persist,11,defer,0,False,,True,1000,False,budget
paper_walkthrough_persist,P3-Persist,12,budget_skip,0,False,,False,0,False,budget
paper_walkthrough_persist,P3-Persist,13,defer,0,False,,True,1000,False,budget
paper_walkthrough_persist,P3-Persist,14,defer,0,False,,True,1000,False,budget
paper_walkthrough_persist,P3-Persist,15,defer,0,False,,True,1000,False,budget
paper_walkthrough_persist,P3-Persist,16,defer,0,False,,True,1000,False,budget
paper_walkthrough_persist,P3-Persist,17,defer,0,False,,True,1000,False,budget
paper_walkthrough_persist,P3-Persist,18,budget_skip,0,False,,False,0,False,budget
paper_walkthrough_persist,P3-Persist,19,defer,0,False,,True,1000,False,budget
paper_walkthrough_persist,P3-Persist,20,defer,0,False,,True,1000,False,budget
paper_walkthrough_persist,P3-Persist,21,defer,0,False,,True,1000,False,budget
paper_walkthrough_persist,P3-Persist,22,budget_skip,0,False,,False,0,False,budget
paper_walkthrough_persist,P3-Persist,23,budget_skip,0,False,,False,0,False,budget
paper_walkthrough_persist,P3-Persist,24,budget_skip,0,False,,False,0,False,budget
paper_walkthrough_persist,P3-Persist,25,defer,0,False,,True,1000,False,budget
paper_walkthrough_persist,P3-Persist,26,defer,0,False,,True,1000,False,budget
paper_walkthrough_persist,P3-Persist,27,defer,0,False,,True,1000,False,budget
paper_walkthrough_persist,P3-Persist,28,defer,0,False,,True,1000,False,budget
paper_walkthrough_persist,P3-Persist,29,defer,0,False,,True,1000,False,budget
paper_walkthrough_persist,P3-Persist,30,defer,0,False,,True,1000,False,budget
paper_walkthrough_persist,P3-Persist,31,rl_hit,1,True,dev_0001,False,0,False,
paper_walkthrough_persist,P3-Persist,32,defer,0,False,,True,1000,False,budget
paper_walkthrough_persist,P3-Persist,33,defer,0,False,,True,1000,False,budget
paper_walkthrough_persist,P3-Persist,34,defer,0,False,,True,1000,True,budget
paper_walkthrough_persist,P3-Persist,35,defer,0,False,,True,1000,False,budget
paper_walkthrough_persist,P3-Persist,36,defer,0,False,,True,1000,False,budget
paper_walkthrough_persist,P3-Persist,37,defer,0,False,,True,1000,False,budget
paper_walkthrough_persist,P3-Persist,38,defer,0,False,,True,1000,False,budget
paper_walkthrough_persist,P3-Persist,39,defer,0,False,,True,1000,False,budget
paper_walkthrough_persist,P3-Persist,40,defer,0,False,,True,1000,False,budget
paper_walkthrough_persist,P3-Persist,41,defer,0,False,,True,1000,False,budget
paper_walkthrough_persist,P3-Persist,42,defer,0,False,,True,1000,False,budget
paper_walkthrough_persist,P3-Persist,43,defer,0,False,,True,1000,False,budget
paper_walkthrough_persist,P3-Persist,44,defer,0,False,,True,1000,True,budget
paper_walkthrough_persist,P3-Persist,45,defer,0,False,,True,1000,False,budget
paper_walkthrough_persist,P3-Persist,46,defer,0,False,,True,1000,True,budget
paper_walkthrough_persist,P3-Persist,47,budget_skip,0,False,,False,0,False,budget
paper_walkthrough_persist,P3-Persist,48,defer,0,False,,True,1000,False,budget
paper_walkthrough_persist,P3-Persist,49,defer,0,False,,True,1000,False,budget
paper_walkthrough_persist,P3-Persist,50,skip_non_rpa,0,False,,False,0,False,
paper_walkthrough_persist,P3-Persist,51,skip_non_rpa,0,False,,False,0,False,
paper_walkthrough_persist,P3-Persist,52,rl_hit,1,True,dev_0003,False,0,False,
paper_walkthrough_persist,P3-Persist,53,defer,0,False,,True,1000,False,budget
paper_walkthrough_persist,P3-Persist,54,defer,0,False,,True,1000,False,budget
paper_walkthrough_persist,P3-Persist,55,defer,0,False,,True,1000,False,budget
paper_walkthrough_persist,P3-Persist,56,defer,0,False,,True,1000,False,budget
paper_walkthrough_persist,P3-Persist,57,cache_hit,0,True,dev_0001,False,0,False,
paper_walkthrough_persist,P3-Persist,58,skip_non_rpa,0,False,,False,0,False,
paper_walkthrough_persist,P3-Persist,59,defer,0,False,,True,1000,False,budget
paper_walkthrough_persist,P3-Persist,60,cache_hit,0,True,dev_0003,False,0,False,
paper_walkthrough_persist,P3-Persist,61,defer,0,False,,True,1000,False,budget
paper_walkthrough_persist,P3-Persist,62,defer,0,False,,True,1000,False,budget
paper_walkthrough_persist,P3-Persist,63,cache_hit,0,True,dev_0001,False,0,False,
paper_walkthrough_persist,P3-Persist,64,defer,0,False,,True,1000,False,budget
paper_walkthrough_persist,P3-Persist,65,cache_hit,0,True,dev_0001,False,0,False,
paper_walkthrough_persist,P3-Persist,66,defer,0,False,,True,1000,False,budget
paper_walkthrough_persist,P3-Persist,67,defer,0,False,,True,1000,False,budget
paper_walkthrough_persist,P3-Persist,68,cache_hit,0,True,dev_0001,False,0,False,
paper_walkthrough_persist,P3-Persist,69,budget_skip,0,False,,False,0,False,budget
paper_walkthrough_persist,P3-Persist,70,rl_hit,1,True,dev_0002,False,0,False,
paper_walkthrough_persist,P3-Persist,71,defer,0,False,,True,1000,False,budget
paper_walkthrough_persist,P3-Persist,72,defer,0,False,,True,1000,False,budget
paper_walkthrough_persist,P3-Persist,73,cache_hit,0,True,dev_0003,False,0,False,
paper_walkthrough_persist,P3-Persist,74,defer,0,False,,True,1000,False,budget
paper_walkthrough_persist,P3-Persist,75,rl_hit,1,True,dev_0000,False,0,False,
paper_walkthrough_persist,P3-Persist,76,skip_non_rpa,0,False,,False,0,False,
paper_walkthrough_persist,P3-Persist,77,defer,0,False,,True,1000,False,budget
paper_walkthrough_persist,P3-Persist,78,defer,0,False,,True,1000,False,budget
paper_walkthrough_persist,P3-Persist,79,defer,0,False,,True,1000,False,budget
paper_walkthrough_persist,P3-Persist,80,budget_skip,0,False,,False,0,False,budget
paper_walkthrough_persist,P3-Persist,81,defer,0,False,,True,1000,False,budget
paper_walkthrough_persist,P3-Persist,82,defer,0,False,,True,1000,False,budget
paper_walkthrough_persist,P3-Persist,83,skip_non_rpa,0,False,,False,0,False,
paper_walkthrough_persist,P3-Persist,84,budget_skip,0,False,,False,0,False,budget
paper_walkthrough_persist,P3-Persist,85,budget_skip,0,False,,False,0,False,budget
paper_walkthrough_persist,P3-Persist,86,skip_non_rpa,0,False,,False,0,False,
paper_walkthrough_persist,P3-Persist,87,defer,0,False,,True,1000,False,budget
paper_walkthrough_persist,P3-Persist,88,cache_hit,0,True,dev_0002,False,0,False,
paper_walkthrough_persist,P3-Persist,89,defer,0,False,,True,1000,False,budget
paper_walkthrough_persist,P3-Persist,90,defer,0,False,,True,1000,False,budget
paper_walkthrough_persist,P3-Persist,91,defer,0,False,,True,1000,False,budget
paper_walkthrough_persist,P3-Persist,92,defer,0,False,,True,1000,False,budget
paper_walkthrough_persist,P3-Persist,93,budget_skip,0,False,,False,0,False,budget
paper_walkthrough_persist,P3-Persist,94,budget_skip,0,False,,False,0,False,budget
paper_walkthrough_persist,P3-Persist,95,defer,0,False,,True,1000,False,budget
paper_walkthrough_persist,P3-Persist,96,defer,0,False,,True,1000,False,budget
paper_walkthrough_persist,P3-Persist,97,cache_hit,0,True,dev_0000,False,0,False,
paper_walkthrough_persist,P3-Persist,98,skip_non_rpa,0,False,,False,0,False,
paper_walkthrough_persist,P3-Persist,99,defer,0,False,,True,1000,False,budget
paper_walkthrough_persist,P3-Persist,100,defer,0,False,,True,1000,False,budget
paper_walkthrough_persist,P3-Persist,101,defer,0,False,,True,1000,False,budget
paper_walkthrough_persist,P3-Persist,102,defer,0,False,,True,1000,False,budget
paper_walkthrough_persist,P3-Persist,103,defer,0,False,,True,1000,False,budget
paper_walkthrough_persist,P3-Persist,104,host_scan,20,True,dev_0009,False,0,False,
paper_walkthrough_persist,P3-Persist,105,defer,0,False,,True,1000,False,budget
paper_walkthrough_persist,P3-Persist,106,defer,0,False,,True,1000,False,budget
paper_walkthrough_persist,P3-Persist,107,defer,0,False,,True,1000,False,budget
paper_walkthrough_persist,P3-Persist,108,defer,0,False,,True,1000,False,budget
paper_walkthrough_persist,P3-Persist,109,budget_skip,0,False,,False,0,False,budget
paper_walkthrough_persist,P3-Persist,110,budget_skip,0,False,,False,0,False,budget
paper_walkthrough_persist,P3-Persist,111,defer,0,False,,True,1000,False,budget
paper_walkthrough_persist,P3-Persist,112,budget_skip,0,False,,False,0,False,budget
paper_walkthrough_persist,P3-Persist,113,budget_skip,0,False,,False,0,False,budget
paper_walkthrough_persist,P3-Persist,114,defer,0,False,,True,1000,False,budget
paper_walkthrough_persist,P3-Persist,115,cache_hit,0,True,dev_0000,False,0,False,
paper_walkthrough_persist,P3-Persist,116,defer,0,False,,True,1000,False,budget
paper_walkthrough_persist,P3-Persist,117,defer,0,False,,True,1000,False,budget
paper_walkthrough_persist,P3-Persist,118,defer,0,False,,True,1000,False,budget
paper_walkthrough_persist,P3-Persist,119,budget_skip,0,False,,False,0,False,budget
paper_walkthrough_persist,P3-Persist,120,budget_skip,0,False,,False,0,False,budget
paper_walkthrough_persist,P3-Persist,121,defer,0,False,,True,1000,False,budget
paper_walkthrough_persist,P3-Persist,122,defer,0,False,,True,1000,False,budget
paper_walkthrough_persist,P3-Persist,123,cache_hit,0,True,dev_0003,False,0,False,
paper_walkthrough_persist,P3-Persist,124,defer,0,False,,True,1000,False,budget
paper_walkthrough_persist,P3-Persist,125,defer,0,False,,True,1000,False,budget
paper_walkthrough_persist,P3-Persist,126,skip_non_rpa,0,False,,False,0,False,
paper_walkthrough_persist,P3-Persist,127,defer,0,False,,True,1000,False,budget
paper_walkthrough_persist,P3-Persist,128,defer,0,False,,True,1000,False,budget
paper_walkthrough_persist,P3-Persist,129,defer,0,False,,True,1000,False,budget
paper_walkthrough_persist,P3-Persist,130,defer,0,False,,True,1000,False,budget
paper_walkthrough_persist,P3-Persist,131,defer,0,False,,True,1000,False,budget
paper_walkthrough_persist,P3-Persist,132,defer,0,False,,True,1000,False,budget
paper_walkthrough_persist,P3-Persist,133,cache_hit,0,True,dev_0001,False,0,False,
paper_walkthrough_persist,P3-Persist,134,skip_non_rpa,0,False,,False,0,False,
paper_walkthrough_persist,P3-Persist,135,defer,0,False,,True,1000,False,budget
paper_walkthrough_persist,P3-Persist,136,cache_hit,0,True,dev_0003,False,0,False,
paper_walkthrough_persist,P3-Persist,137,defer,0,False,,True,1000,False,budget
paper_walkthrough_persist,P3-Persist,138,cache_hit,0,True,dev_0000,False,0,False,
paper_walkthrough_persist,P3-Persist,139,defer,0,False,,True,1000,False,budget
paper_walkthrough_persist,P3-Persist,140,budget_skip,0,False,,False,0,False,budget
paper_walkthrough_persist,P3-Persist,141,defer,0,False,,True,1000,False,budget
paper_walkthrough_persist,P3-Persist,142,budget_skip,0,False,,False,0,False,budget
paper_walkthrough_persist,P3-Persist,143,budget_skip,0,False,,False,0,False,budget
paper_walkthrough_persist,P3-Persist,144,budget_skip,0,False,,False,0,False,budget
paper_walkthrough_persist,P3-Persist,145,defer,0,False,,True,1000,False,budget
paper_walkthrough_persist,P3-Persist,146,defer,0,False,,True,1000,False,budget
paper_walkthrough_persist,P3-Persist,147,defer,0,False,,True,1000,False,budget
paper_walkthrough_persist,P3-Persist,148,budget_skip,0,False,,False,0,False,budget
paper_walkthrough_persist,P3-Persist,149,defer,0,False,,True,1000,False,budget
paper_walkthrough_persist,P3-Persist,150,cache_hit,0,True,dev_0009,False,0,False,
paper_walkthrough_persist,P3-Persist,151,defer,0,False,,True,1000,False,budget
paper_walkthrough_persist,P3-Persist,152,defer,0,False,,True,1000,False,budget
paper_walkthrough_persist,P3-Persist,153,defer,0,False,,True,1000,False,budget
paper_walkthrough_persist,P3-Persist,154,defer,0,False,,True,1000,False,budget
paper_walkthrough_persist,P3-Persist,155,budget_skip,0,False,,False,0,False,budget
paper_walkthrough_persist,P3-Persist,156,defer,0,False,,True,1000,False,budget
paper_walkthrough_persist,P3-Persist,157,defer,0,False,,True,1000,False,budget
paper_walkthrough_persist,P3-Persist,158,defer,0,False,,True,1000,False,budget
paper_walkthrough_persist,P3-Persist,159,defer,0,False,,True,1000,False,budget
paper_walkthrough_persist,P3-Persist,160,defer,0,False,,True,1000,True,budget
paper_walkthrough_persist,P3-Persist,161,skip_non_rpa,0,False,,False,0,False,
paper_walkthrough_persist,P3-Persist,162,defer,0,False,,True,1000,False,budget
paper_walkthrough_persist,P3-Persist,163,defer,0,False,,True,1000,False,budget
paper_walkthrough_persist,P3-Persist,164,defer,0,False,,True,1000,False,budget
paper_walkthrough_persist,P3-Persist,165,defer,0,False,,True,1000,True,budget
paper_walkthrough_persist,P3-Persist,166,cache_hit,0,True,dev_0001,False,0,False,
paper_walkthrough_persist,P3-Persist,167,defer,0,False,,True,1000,False,budget
paper_walkthrough_persist,P3-Persist,168,defer,0,False,,True,1000,False,budget
paper_walkthrough_persist,P3-Persist,169,budget_skip,0,False,,False,0,False,budget
paper_walkthrough_persist,P3-Persist,170,defer,0,False,,True,1000,False,budget
paper_walkthrough_persist,P3-Persist,171,defer,0,False,,True,1000,False,budget
paper_walkthrough_persist,P3-Persist,172,skip_non_rpa,0,False,,False,0,False,
paper_walkthrough_persist,P3-Persist,173,budget_skip,0,False,,False,0,False,budget
paper_walkthrough_persist,P3-Persist,174,defer,0,False,,True,1000,False,budget
paper_walkthrough_persist,P3-Persist,175,defer,0,False,,True,1000,True,budget
paper_walkthrough_persist,P3-Persist,176,defer,0,False,,True,1000,False,budget
paper_walkthrough_persist,P3-Persist,177,defer,0,False,,True,1000,False,budget
paper_walkthrough_persist,P3-Persist,178,cache_hit,0,True,dev_0002,False,0,False,
paper_walkthrough_persist,P3-Persist,179,budget_skip,0,False,,False,0,False,budget
paper_walkthrough_persist,P3-Persist,180,budget_skip,0,False,,False,0,False,budget
paper_walkthrough_persist,P3-Persist,181,defer,0,False,,True,1000,False,budget
paper_walkthrough_persist,P3-Persist,182,skip_non_rpa,0,False,,False,0,False,
paper_walkthrough_persist,P3-Persist,183,host_scan,20,False,,False,0,False,
paper_walkthrough_persist,P3-Persist,184,skip_non_rpa,0,False,,False,0,False,
paper_walkthrough_persist,P3-Persist,185,host_scan,20,False,,False,0,False,
paper_walkthrough_persist,P3-Persist,186,host_scan,20,False,,False,0,False,
paper_walkthrough_persist,P3-Persist,187,host_scan,20,False,,False,0,False,
paper_walkthrough_persist,P3-Persist,188,host_scan,20,False,,False,0,False,
paper_walkthrough_persist,P3-Persist,189,budget_skip,0,False,,False,0,False,budget
paper_walkthrough_persist,P3-Persist,190,cache_hit,0,True,dev_0003,False,0,False,
paper_walkthrough_persist,P3-Persist,191,skip_non_rpa,0,False,,False,0,False,
paper_walkthrough_persist,P3-Persist,192,defer,0,False,,True,1000,False,budget
paper_walkthrough_persist,P3-Persist,193,cache_hit,0,True,dev_0000,False,0,False,
paper_walkthrough_persist,P3-Persist,194,defer,0,False,,True,1000,False,budget
paper_walkthrough_persist,P3-Persist,195,defer,0,False,,True,1000,False,budget
paper_walkthrough_persist,P3-Persist,196,defer,0,False,,True,1000,False,budget
paper_walkthrough_persist,P3-Persist,197,defer,0,False,,True,1000,False,budget
paper_walkthrough_persist,P3-Persist,198,defer,0,False,,True,1000,False,budget
paper_walkthrough_persist,P3-Persist,199,budget_skip,0,False,,False,0,False,budget
paper_walkthrough_persist,P3-Persist,200,defer,0,False,,True,1000,False,budget
paper_walkthrough_persist,P3-Persist,201,cache_hit,0,True,dev_0001,False,0,False,
paper_walkthrough_persist,P3-Persist,202,defer,0,False,,True,1000,False,budget
paper_walkthrough_persist,P3-Persist,203,cache_hit,0,True,dev_0009,False,0,False,
paper_walkthrough_persist,P3-Persist,204,defer,0,False,,True,1000,False,budget
paper_walkthrough_persist,P3-Persist,205,host_scan,20,True,dev_0005,False,0,False,
paper_walkthrough_persist,P3-Persist,206,defer,0,False,,True,1000,False,budget
paper_walkthrough_persist,P3-Persist,207,defer,0,False,,True,1000,False,budget
paper_walkthrough_persist,P3-Persist,208,budget_skip,0,False,,False,0,False,budget
paper_walkthrough_persist,P3-Persist,209,skip_non_rpa,0,False,,False,0,False,
paper_walkthrough_persist,P3-Persist,210,host_scan,20,True,dev_0006,False,0,False,
paper_walkthrough_persist,P3-Persist,211,skip_non_rpa,0,False,,False,0,False,
paper_walkthrough_persist,P3-Persist,212,defer,0,False,,True,1000,False,budget
paper_walkthrough_persist,P3-Persist,213,cache_hit,0,True,dev_0003,False,0,False,
paper_walkthrough_persist,P3-Persist,214,defer,0,False,,True,1000,False,budget
paper_walkthrough_persist,P3-Persist,215,skip_non_rpa,0,False,,False,0,False,
paper_walkthrough_persist,P3-Persist,216,defer,0,False,,True,1000,False,budget
paper_walkthrough_persist,P3-Persist,217,cache_hit,0,True,dev_0005,False,0,False,
paper_walkthrough_persist,P3-Persist,218,defer,0,False,,True,1000,False,budget
paper_walkthrough_persist,P3-Persist,219,skip_non_rpa,0,False,,False,0,False,
paper_walkthrough_persist,P3-Persist,220,skip_non_rpa,0,False,,False,0,False,
paper_walkthrough_persist,P3-Persist,221,budget_skip,0,False,,False,0,False,budget
paper_walkthrough_persist,P3-Persist,222,cache_hit,0,True,dev_0003,False,0,False,
paper_walkthrough_persist,P3-Persist,223,defer,0,False,,True,1000,False,budget
paper_walkthrough_persist,P3-Persist,224,defer,0,False,,True,1000,False,budget
paper_walkthrough_persist,P3-Persist,225,defer,0,False,,True,1000,False,budget
paper_walkthrough_persist,P3-Persist,226,skip_non_rpa,0,False,,False,0,False,
paper_walkthrough_persist,P3-Persist,227,defer,0,False,,True,1000,False,budget
paper_walkthrough_persist,P3-Persist,228,defer,0,False,,True,1000,False,budget
paper_walkthrough_persist,P3-Persist,229,defer,0,False,,True,1000,False,budget
paper_walkthrough_persist,P3-Persist,230,cache_hit,0,True,dev_0005,False,0,False,
paper_walkthrough_persist,P3-Persist,231,defer,0,False,,True,1000,False,budget
paper_walkthrough_persist,P3-Persist,232,budget_skip,0,False,,False,0,False,budget
paper_walkthrough_persist,P3-Persist,233,defer,0,False,,True,1000,False,budget
paper_walkthrough_persist,P3-Persist,234,budget_skip,0,False,,False,0,False,budget
paper_walkthrough_persist,P3-Persist,235,budget_skip,0,False,,False,0,False,budget
paper_walkthrough_persist,P3-Persist,236,defer,0,False,,True,1000,False,budget
paper_walkthrough_persist,P3-Persist,237,defer,0,False,,True,1000,False,budget
paper_walkthrough_persist,P3-Persist,238,cache_hit,0,True,dev_0002,False,0,False,
paper_walkthrough_persist,P3-Persist,239,defer,0,False,,True,1000,False,budget
paper_walkthrough_persist,P3-Persist,240,defer,0,False,,True,1000,False,budget
paper_walkthrough_persist,P3-Persist,241,budget_skip,0,False,,False,0,False,budget
paper_walkthrough_persist,P3-Persist,242,defer,0,False,,True,1000,False,budget
paper_walkthrough_persist,P3-Persist,243,budget_skip,0,False,,False,0,False,budget
paper_walkthrough_persist,P3-Persist,244,cache_hit,0,True,dev_0000,False,0,False,
paper_walkthrough_persist,P3-Persist,245,budget_skip,0,False,,False,0,False,budget
paper_walkthrough_persist,P3-Persist,246,defer,0,False,,True,1000,False,budget
paper_walkthrough_persist,P3-Persist,247,skip_non_rpa,0,False,,False,0,False,
paper_walkthrough_persist,P3-Persist,248,cache_hit,0,True,dev_0000,False,0,False,
paper_walkthrough_persist,P3-Persist,249,defer,0,False,,True,1000,False,budget
paper_walkthrough_persist,P3-Persist,250,defer,0,False,,True,1000,False,budget
paper_walkthrough_persist,P3-Persist,251,defer,0,False,,True,1000,False,budget
paper_walkthrough_persist,P3-Persist,252,defer,0,False,,True,1000,False,budget
paper_walkthrough_persist,P3-Persist,253,cache_hit,0,True,dev_0006,False,0,False,
paper_walkthrough_persist,P3-Persist,254,skip_non_rpa,0,False,,False,0,False,
paper_walkthrough_persist,P3-Persist,255,defer,0,False,,True,1000,False,budget
paper_walkthrough_persist,P3-Persist,256,skip_non_rpa,0,False,,False,0,False,
paper_walkthrough_persist,P3-Persist,257,host_scan,20,True,dev_0004,False,0,False,
paper_walkthrough_persist,P3-Persist,258,budget_skip,0,False,,False,0,False,budget
paper_walkthrough_persist,P3-Persist,259,cache_hit,0,True,dev_0001,False,0,False,
paper_walkthrough_persist,P3-Persist,260,budget_skip,0,False,,False,0,False,budget
paper_walkthrough_persist,P3-Persist,261,defer,0,False,,True,1000,False,budget
paper_walkthrough_persist,P3-Persist,262,budget_skip,0,False,,False,0,False,budget
paper_walkthrough_persist,P3-Persist,263,defer,0,False,,True,1000,False,budget
paper_walkthrough_persist,P3-Persist,264,budget_skip,0,False,,False,0,False,budget
paper_walkthrough_persist,P3-Persist,265,defer,0,False,,True,1000,False,budget
paper_walkthrough_persist,P3-Persist,266,cache_hit,0,True,dev_0001,False,0,False,
paper_walkthrough_persist,P3-Persist,267,defer,0,False,,True,1000,False,budget
paper_walkthrough_persist,P3-Persist,268,defer,0,False,,True,1000,False,budget
paper_walkthrough_persist,P3-Persist,269,defer,0,False,,True,1000,False,budget
paper_walkthrough_persist,P3-Persist,270,cache_hit,0,True,dev_0000,False,0,False,
paper_walkthrough_persist,P3-Persist,271,cache_hit,0,True,dev_0000,False,0,False,
paper_walkthrough_persist,P3-Persist,272,defer,0,False,,True,1000,False,budget
paper_walkthrough_persist,P3-Persist,273,cache_hit,0,True,dev_0000,False,0,False,
paper_walkthrough_persist,P3-Persist,274,defer,0,False,,True,1000,False,budget
paper_walkthrough_persist,P3-Persist,275,budget_skip,0,False,,False,0,False,budget
paper_walkthrough_persist,P3-Persist,276,defer,0,False,,True,1000,False,budget
paper_walkthrough_persist,P3-Persist,277,defer,0,False,,True,1000,True,budget
paper_walkthrough_persist,P3-Persist,278,defer,0,False,,True,1000,False,budget
paper_walkthrough_persist,P3-Persist,279,defer,0,False,,True,1000,False,budget
paper_walkthrough_persist,P3-Persist,280,budget_skip,0,False,,False,0,False,budget
paper_walkthrough_persist,P3-Persist,281,defer,0,False,,True,1000,False,budget
paper_walkthrough_persist,P3-Persist,282,defer,0,False,,True,1000,False,budget
paper_walkthrough_persist,P3-Persist,283,cache_hit,0,True,dev_0000,False,0,False,
paper_walkthrough_persist,P3-Persist,284,host_scan,20,True,dev_0008,False,0,False,
paper_walkthrough_persist,P3-Persist,285,defer,0,False,,True,1000,False,budget
paper_walkthrough_persist,P3-Persist,286,defer,0,False,,True,1000,False,budget
paper_walkthrough_persist,P3-Persist,287,defer,0,False,,True,1000,False,budget
paper_walkthrough_persist,P3-Persist,288,defer,0,False,,True,1000,False,budget
paper_walkthrough_persist,P3-Persist,289,defer,0,False,,True,1000,False,budget
paper_walkthrough_persist,P3-Persist,290,budget_skip,0,False,,False,0,False,budget
paper_walkthrough_persist,P3-Persist,291,skip_non_rpa,0,False,,False,0,False,
paper_walkthrough_persist,P3-Persist,292,cache_hit,0,True,dev_0001,False,0,False,
paper_walkthrough_persist,P3-Persist,293,defer,0,False,,True,1000,False,budget
paper_walkthrough_persist,P3-Persist,294,defer,0,False,,True,1000,False,budget
paper_walkthrough_persist,P3-Persist,295,defer,0,False,,True,1000,False,budget
paper_walkthrough_persist,P3-Persist,296,defer,0,False,,True,1000,False,budget
paper_walkthrough_persist,P3-Persist,297,defer,0,False,,True,1000,False,budget
paper_walkthrough_persist,P3-Persist,298,cache_hit,0,True,dev_0000,False,0,False,
paper_walkthrough_persist,P3-Persist,299,defer,0,False,,True,1000,False,budget
paper_walkthrough_persist,P3-Persist,300,skip_non_rpa,0,False,,False,0,False,
paper_walkthrough_persist,P3-Persist,301,budget_skip,0,False,,False,0,False,budget
paper_walkthrough_persist,P3-Persist,302,defer,0,False,,True,1000,False,budget
paper_walkthrough_persist,P3-Persist,303,defer,0,False,,True,1000,False,budget
paper_walkthrough_persist,P3-Persist,304,defer,0,False,,True,1000,False,budget
paper_walkthrough_persist,P3-Persist,305,budget_skip,0,False,,False,0,False,budget
paper_walkthrough_persist,P3-Persist,306,defer,0,False,,True,1000,False,budget
paper_walkthrough_persist,P3-Persist,307,defer,0,False,,True,1000,False,budget
paper_walkthrough_persist,P3-Persist,308,defer,0,False,,True,1000,False,budget
paper_walkthrough_persist,P3-Persist,309,budget_skip,0,False,,False,0,False,budget
paper_walkthrough_persist,P3-Persist,310,budget_skip,0,False,,False,0,False,budget
paper_walkthrough_persist,P3-Persist,311,defer,0,False,,True,1000,False,budget
paper_walkthrough_persist,P3-Persist,312,defer,0,False,,True,1000,False,budget
paper_walkthrough_persist,P3-Persist,313,defer,0,False,,True,1000,False,budget
paper_walkthrough_persist,P3-Persist,314,defer,0,False,,True,1000,False,budget
paper_walkthrough_persist,P3-Persist,315,defer,0,False,,True,1000,False,budget
paper_walkthrough_persist,P3-Persist,316,defer,0,False,,True,1000,False,budget
paper_walkthrough_persist,P3-Persist,317,skip_non_rpa,0,False,,False,0,False,
paper_walkthrough_persist,P3-Persist,318,skip_non_rpa,0,False,,False,0,False,
paper_walkthrough_persist,P3-Persist,319,defer,0,False,,True,1000,False,budget
paper_walkthrough_persist,P3-Persist,320,defer,0,False,,True,1000,False,budget
paper_walkthrough_persist,P3-Persist,321,host_scan,20,True,dev_0011,False,0,False,
paper_walkthrough_persist,P3-Persist,322,defer,0,False,,True,1000,False,budget
paper_walkthrough_persist,P3-Persist,323,defer,0,False,,True,1000,False,budget
paper_walkthrough_persist,P3-Persist,324,defer,0,False,,True,1000,False,budget
paper_walkthrough_persist,P3-Persist,325,skip_non_rpa,0,False,,False,0,False,
paper_walkthrough_persist,P3-Persist,326,cache_hit,0,True,dev_0000,False,0,False,
paper_walkthrough_persist,P3-Persist,327,defer,0,False,,True,1000,False,budget
paper_walkthrough_persist,P3-Persist,328,cache_hit,0,True,dev_0000,False,0,False,
paper_walkthrough_persist,P3-Persist,329,defer,0,False,,True,1000,False,budget
paper_walkthrough_persist,P3-Persist,330,defer,0,False,,True,1000,False,budget
paper_walkthrough_persist,P3-Persist,331,defer,0,False,,True,1000,False,budget
paper_walkthrough_persist,P3-Persist,332,budget_skip,0,False,,False,0,False,budget
paper_walkthrough_persist,P3-Persist,333,budget_skip,0,False,,False,0,False,budget
paper_walkthrough_persist,P3-Persist,334,budget_skip,0,False,,False,0,False,budget
paper_walkthrough_persist,P3-Persist,335,defer,0,False,,True,1000,False,budget
paper_walkthrough_persist,P3-Persist,336,defer,0,False,,True,1000,False,budget
paper_walkthrough_persist,P3-Persist,337,cache_hit,0,True,dev_0001,False,0,False,
paper_walkthrough_persist,P3-Persist,338,defer,0,False,,True,1000,False,budget
paper_walkthrough_persist,P3-Persist,339,defer,0,False,,True,1000,False,budget
paper_walkthrough_persist,P3-Persist,340,cache_hit,0,True,dev_0000,False,0,False,
paper_walkthrough_persist,P3-Persist,341,defer,0,False,,True,1000,False,budget
paper_walkthrough_persist,P3-Persist,342,skip_non_rpa,0,False,,False,0,False,
paper_walkthrough_persist,P3-Persist,343,defer,0,False,,True,1000,False,budget
paper_walkthrough_persist,P3-Persist,344,cache_hit,0,True,dev_0002,False,0,False,
paper_walkthrough_persist,P3-Persist,345,cache_hit,0,True,dev_0003,False,0,False,
paper_walkthrough_persist,P3-Persist,346,defer,0,False,,True,1000,False,budget
paper_walkthrough_persist,P3-Persist,347,defer,0,False,,True,1000,False,budget
paper_walkthrough_persist,P3-Persist,348,budget_skip,0,False,,False,0,False,budget
paper_walkthrough_persist,P3-Persist,349,defer,0,False,,True,1000,False,budget
paper_walkthrough_persist,P3-Persist,350,defer,0,False,,True,1000,False,budget
paper_walkthrough_persist,P3-Persist,351,budget_skip,0,False,,False,0,False,budget
paper_walkthrough_persist,P3-Persist,352,budget_skip,0,False,,False,0,False,budget
paper_walkthrough_persist,P3-Persist,353,budget_skip,0,False,,False,0,False,budget
paper_walkthrough_persist,P3-Persist,354,defer,0,False,,True,1000,False,budget
paper_walkthrough_persist,P3-Persist,355,cache_hit,0,True,dev_0000,False,0,False,
paper_walkthrough_persist,P3-Persist,356,budget_skip,0,False,,False,0,False,budget
paper_walkthrough_persist,P3-Persist,357,defer,0,False,,True,1000,False,budget
paper_walkthrough_persist,P3-Persist,358,defer,0,False,,True,1000,False,budget
paper_walkthrough_persist,P3-Persist,359,budget_skip,0,False,,False,0,False,budget
paper_walkthrough_persist,P3-Persist,360,host_scan,20,False,,False,0,False,
paper_walkthrough_persist,P3-Persist,361,rl_hit,1,True,dev_0002,False,0,False,
paper_walkthrough_persist,P3-Persist,362,host_scan,20,False,,False,0,False,
paper_walkthrough_persist,P3-Persist,363,host_scan,20,False,,True,100,False,
paper_walkthrough_persist,P3-Persist,364,host_scan,20,False,,False,0,False,
paper_walkthrough_persist,P3-Persist,365,host_scan,20,False,,False,0,False,
paper_walkthrough_persist,P3-Persist,366,defer,0,False,,True,1000,False,budget
paper_walkthrough_persist,P3-Persist,367,defer,0,False,,True,1000,False,budget
paper_walkthrough_persist,P3-Persist,368,defer,0,False,,True,1000,False,budget
paper_walkthrough_persist,P3-Persist,369,defer,0,False,,True,1000,False,budget
paper_walkthrough_persist,P3-Persist,370,defer,0,False,,True,1000,False,budget
paper_walkthrough_persist,P3-Persist,371,defer,0,False,,True,1000,False,budget
paper_walkthrough_persist,P3-Persist,372,defer,0,False,,True,1000,False,budget
paper_walkthrough_persist,P3-Persist,373,defer,0,False,,True,1000,False,budget
paper_walkthrough_persist,P3-Persist,374,skip_non_rpa,0,False,,False,0,False,
paper_walkthrough_persist,P3-Persist,375,defer,0,False,,True,1000,False,budget
paper_walkthrough_persist,P3-Persist,376,defer,0,False,,True,1000,False,budget
paper_walkthrough_persist,P3-Persist,377,cache_hit,0,True,dev_0002,False,0,False,
paper_walkthrough_persist,P3-Persist,378,defer,0,False,,True,1000,False,budget
paper_walkthrough_persist,P3-Persist,379,skip_non_rpa,0,False,,False,0,False,
paper_walkthrough_persist,P3-Persist,380,defer,0,False,,True,1000,False,budget
paper_walkthrough_persist,P3-Persist,381,rl_hit,1,True,dev_0001,False,0,False,
paper_walkthrough_persist,P3-Persist,382,defer,0,False,,True,1000,True,budget
paper_walkthrough_persist,P3-Persist,383,defer,0,False,,True,1000,False,budget
paper_walkthrough_persist,P3-Persist,384,skip_non_rpa,0,False,,False,0,False,
paper_walkthrough_persist,P3-Persist,385,defer,0,False,,True,1000,False,budget
paper_walkthrough_persist,P3-Persist,386,defer,0,False,,True,1000,False,budget
paper_walkthrough_persist,P3-Persist,387,defer,0,False,,True,1000,False,budget
paper_walkthrough_persist,P3-Persist,388,defer,0,False,,True,1000,False,budget
paper_walkthrough_persist,P3-Persist,389,defer,0,False,,True,1000,False,budget
paper_walkthrough_persist,P3-Persist,390,cache_hit,0,True,dev_0002,False,0,False,
paper_walkthrough_persist,P3-Persist,391,defer,0,False,,True,1000,False,budget
paper_walkthrough_persist,P3-Persist,392,defer,0,False,,True,1000,False,budget
paper_walkthrough_persist,P3-Persist,393,defer,0,False,,True,1000,False,budget
paper_walkthrough_persist,P3-Persist,394,defer,0,False,,True,1000,False,budget
paper_walkthrough_persist,P3-Persist,395,defer,0,False,,True,1000,False,budget
paper_walkthrough_persist,P3-Persist,396,skip_non_rpa,0,False,,False,0,False,
paper_walkthrough_persist,P3-Persist,397,host_scan,20,True,dev_0000,False,0,False,
paper_walkthrough_persist,P3-Persist,398,budget_skip,0,False,,False,0,False,budget
paper_walkthrough_persist,P3-Persist,399,defer,0,False,,True,1000,False,budget
paper_walkthrough_persist,P3-Persist,400,skip_non_rpa,0,False,,False,0,False,
paper_walkthrough_persist,P3-Persist,401,defer,0,False,,True,1000,False,budget
paper_walkthrough_persist,P3-Persist,402,skip_non_rpa,0,False,,False,0,False,
paper_walkthrough_persist,P3-Persist,403,cache_hit,0,True,dev_0000,False,0,False,
paper_walkthrough_persist,P3-Persist,404,defer,0,False,,True,1000,False,budget
paper_walkthrough_persist,P3-Persist,405,defer,0,False,,True,1000,False,budget
paper_walkthrough_persist,P3-Persist,406,budget_skip,0,False,,False,0,False,budget
paper_walkthrough_persist,P3-Persist,407,defer,0,False,,True,1000,False,budget
paper_walkthrough_persist,P3-Persist,408,rl_hit,1,True,dev_0003,False,0,False,
paper_walkthrough_persist,P3-Persist,409,defer,0,False,,True,1000,False,budget
paper_walkthrough_persist,P3-Persist,410,defer,0,False,,True,1000,False,budget
paper_walkthrough_persist,P3-Persist,411,defer,0,False,,True,1000,True,budget
paper_walkthrough_persist,P3-Persist,412,cache_hit,0,True,dev_0003,False,0,False,
paper_walkthrough_persist,P3-Persist,413,defer,0,False,,True,1000,False,budget
paper_walkthrough_persist,P3-Persist,414,skip_non_rpa,0,False,,False,0,False,
paper_walkthrough_persist,P3-Persist,415,defer,0,False,,True,1000,False,budget
paper_walkthrough_persist,P3-Persist,416,skip_non_rpa,0,False,,False,0,False,
paper_walkthrough_persist,P3-Persist,417,cache_hit,0,True,dev_0001,False,0,False,
paper_walkthrough_persist,P3-Persist,418,cache_hit,0,True,dev_0003,False,0,False,
paper_walkthrough_persist,P3-Persist,419,defer,0,False,,True,1000,False,budget
paper_walkthrough_persist,P3-Persist,420,defer,0,False,,True,1000,False,budget
paper_walkthrough_persist,P3-Persist,421,cache_hit,0,True,dev_0001,False,0,False,
paper_walkthrough_persist,P3-Persist,422,defer,0,False,,True,1000,False,budget
paper_walkthrough_persist,P3-Persist,423,defer,0,False,,True,1000,False,budget
paper_walkthrough_persist,P3-Persist,424,cache_hit,0,True,dev_0001,False,0,False,
paper_walkthrough_persist,P3-Persist,425,defer,0,False,,True,1000,False,budget
paper_walkthrough_persist,P3-Persist,426,defer,0,False,,True,1000,False,budget
paper_walkthrough_persist,P3-Persist,427,cache_hit,0,True,dev_0001,False,0,False,
paper_walkthrough_persist,P3-Persist,428,defer,0,False,,True,1000,False,budget
paper_walkthrough_persist,P3-Persist,429,skip_non_rpa,0,False,,False,0,False,
paper_walkthrough_persist,P3-Persist,430,cache_hit,0,True,dev_0000,False,0,False,
paper_walkthrough_persist,P3-Persist,431,defer,0,False,,True,1000,True,budget
paper_walkthrough_persist,P3-Persist,432,defer,0,False,,True,1000,False,budget
paper_walkthrough_persist,P3-Persist,433,defer,0,False,,True,1000,False,budget
paper_walkthrough_persist,P3-Persist,434,defer,0,False,,True,1000,False,budget
paper_walkthrough_persist,P3-Persist,435,defer,0,False,,True,1000,False,budget
paper_walkthrough_persist,P3-Persist,436,cache_hit,0,True,dev_0000,False,0,False,
paper_walkthrough_persist,P3-Persist,437,cache_hit,0,True,dev_0000,False,0,False,
paper_walkthrough_persist,P3-Persist,438,defer,0,False,,True,1000,False,budget
paper_walkthrough_persist,P3-Persist,439,defer,0,False,,True,1000,True,budget
paper_walkthrough_persist,P3-Persist,440,defer,0,False,,True,1000,False,budget
paper_walkthrough_persist,P3-Persist,441,defer,0,False,,True,1000,False,budget
paper_walkthrough_persist,P3-Persist,442,defer,0,False,,True,1000,False,budget
paper_walkthrough_persist,P3-Persist,443,budget_skip,0,False,,False,0,False,budget
paper_walkthrough_persist,P3-Persist,444,defer,0,False,,True,1000,False,budget
paper_walkthrough_persist,P3-Persist,445,defer,0,False,,True,1000,False,budget
paper_walkthrough_persist,P3-Persist,446,defer,0,False,,True,1000,False,budget
paper_walkthrough_persist,P3-Persist,447,defer,0,False,,True,1000,False,budget
paper_walkthrough_persist,P3-Persist,448,defer,0,False,,True,1000,False,budget
paper_walkthrough_persist,P3-Persist,449,skip_non_rpa,0,False,,False,0,False,
paper_walkthrough_persist,P3-Persist,450,budget_skip,0,False,,False,0,False,budget
paper_walkthrough_persist,P3-Persist,451,budget_skip,0,False,,False,0,False,budget
paper_walkthrough_persist,P3-Persist,452,defer,0,False,,True,1000,False,budget
paper_walkthrough_persist,P3-Persist,453,defer,0,False,,True,1000,False,budget
paper_walkthrough_persist,P3-Persist,454,cache_hit,0,True,dev_0000,False,0,False,
paper_walkthrough_persist,P3-Persist,455,defer,0,False,,True,1000,False,budget
paper_walkthrough_persist,P3-Persist,456,defer,0,False,,True,1000,False,budget
paper_walkthrough_persist,P3-Persist,457,defer,0,False,,True,1000,False,budget
paper_walkthrough_persist,P3-Persist,458,defer,0,False,,True,1000,False,budget
paper_walkthrough_persist,P3-Persist,459,budget_skip,0,False,,False,0,False,budget
paper_walkthrough_persist,P3-Persist,460,budget_skip,0,False,,False,0,False,budget
paper_walkthrough_persist,P3-Persist,461,cache_hit,0,True,dev_0002,False,0,False,
paper_walkthrough_persist,P3-Persist,462,defer,0,False,,True,1000,False,budget
paper_walkthrough_persist,P3-Persist,463,defer,0,False,,True,1000,False,budget
paper_walkthrough_persist,P3-Persist,464,defer,0,False,,True,1000,False,budget
paper_walkthrough_persist,P3-Persist,465,defer,0,False,,True,1000,False,budget
paper_walkthrough_persist,P3-Persist,466,defer,0,False,,True,1000,False,budget
paper_walkthrough_persist,P3-Persist,467,skip_non_rpa,0,False,,False,0,False,
paper_walkthrough_persist,P3-Persist,468,budget_skip,0,False,,False,0,False,budget
paper_walkthrough_persist,P3-Persist,469,cache_hit,0,True,dev_0000,False,0,False,
paper_walkthrough_persist,P3-Persist,470,budget_skip,0,False,,False,0,False,budget
paper_walkthrough_persist,P3-Persist,471,defer,0,False,,True,1000,False,budget
paper_walkthrough_persist,P3-Persist,472,defer,0,False,,True,1000,False,budget
paper_walkthrough_persist,P3-Persist,473,defer,0,False,,True,1000,False,budget
paper_walkthrough_persist,P3-Persist,474,cache_hit,0,True,dev_0001,False,0,False,
paper_walkthrough_persist,P3-Persist,475,defer,0,False,,True,1000,False,budget
paper_walkthrough_persist,P3-Persist,476,defer,0,False,,True,1000,False,budget
paper_walkthrough_persist,P3-Persist,477,budget_skip,0,False,,False,0,False,budget
paper_walkthrough_persist,P3-Persist,478,cache_hit,0,True,dev_0002,False,0,False,
paper_walkthrough_persist,P3-Persist,479,defer,0,False,,True,1000,False,budget
paper_walkthrough_persist,P3-Persist,480,defer,0,False,,True,1000,False,budget
paper_walkthrough_persist,P3-Persist,481,defer,0,False,,True,1000,False,budget
paper_walkthrough_persist,P3-Persist,482,defer,0,False,,True,1000,False,budget
paper_walkthrough_persist,P3-Persist,483,cache_hit,0,True,dev_0000,False,0,False,
paper_walkthrough_persist,P3-Persist,484,defer,0,False,,True,1000,False,budget
paper_walkthrough_persist,P3-Persist,485,defer,0,False,,True,1000,False,budget
paper_walkthrough_persist,P3-Persist,486,defer,0,False,,True,1000,False,budget
paper_walkthrough_persist,P3-Persist,487,defer,0,False,,True,1000,False,budget
paper_walkthrough_persist,P3-Persist,488,defer,0,False,,True,1000,False,budget
paper_walkthrough_persist,P3-Persist,489,defer,0,False,,True,1000,False,budget
paper_walkthrough_persist,P3-Persist,490,defer,0,False,,True,1000,False,budget
paper_walkthrough_persist,P3-Persist,491,cache_hit,0,True,dev_0003,False,0,False,
paper_walkthrough_persist,P3-Persist,492,defer,0,False,,True,1000,False,budget
paper_walkthrough_persist,P3-Persist,493,defer,0,False,,True,1000,False,budget
paper_walkthrough_persist,P3-Persist,494,defer,0,False,,True,1000,False,budget
paper_walkthrough_persist,P3-Persist,495,defer,0,False,,True,1000,False,budget
paper_walkthrough_persist,P3-Persist,496,skip_non_rpa,0,False,,False,0,False,
paper_walkthrough_persist,P3-Persist,497,defer,0,False,,True,1000,False,budget
paper_walkthrough_persist,P3-Persist,498,defer,0,False,,True,1000,False,budget
paper_walkthrough_persist,P3-Persist,499,skip_non_rpa,0,False,,False,0,False,
paper_walkthrough_persist,P3-Persist,500,defer,0,False,,True,1000,False,budget
paper_walkthrough_persist,P3-Persist,501,cache_hit,0,True,dev_0001,False,0,False,
paper_walkthrough_persist,P3-Persist,502,skip_non_rpa,0,False,,False,0,False,
paper_walkthrough_persist,P3-Persist,503,defer,0,False,,True,1000,False,budget
paper_walkthrough_persist,P3-Persist,504,defer,0,False,,True,1000,False,budget
paper_walkthrough_persist,P3-Persist,505,defer,0,False,,True,1000,False,budget
paper_walkthrough_persist,P3-Persist,506,skip_non_rpa,0,False,,False,0,False,
paper_walkthrough_persist,P3-Persist,507,defer,0,False,,True,1000,False,budget
paper_walkthrough_persist,P3-Persist,508,defer,0,False,,True,1000,False,budget
paper_walkthrough_persist,P3-Persist,509,cache_hit,0,True,dev_0000,False,0,False,
paper_walkthrough_persist,P3-Persist,510,defer,0,False,,True,1000,False,budget
paper_walkthrough_persist,P3-Persist,511,defer,0,False,,True,1000,False,budget
paper_walkthrough_persist,P3-Persist,512,defer,0,False,,True,1000,False,budget
paper_walkthrough_persist,P3-Persist,513,budget_skip,0,False,,False,0,False,budget
paper_walkthrough_persist,P3-Persist,514,defer,0,False,,True,1000,False,budget
paper_walkthrough_persist,P3-Persist,515,budget_skip,0,False,,False,0,False,budget
paper_walkthrough_persist,P3-Persist,516,defer,0,False,,True,1000,False,budget
paper_walkthrough_persist,P3-Persist,517,cache_hit,0,True,dev_0000,False,0,False,
paper_walkthrough_persist,P3-Persist,518,defer,0,False,,True,1000,False,budget
paper_walkthrough_persist,P3-Persist,519,budget_skip,0,False,,False,0,False,budget
paper_walkthrough_persist,P3-Persist,520,skip_non_rpa,0,False,,False,0,False,
paper_walkthrough_persist,P3-Persist,521,defer,0,False,,True,1000,False,budget
paper_walkthrough_persist,P3-Persist,522,defer,0,False,,True,1000,True,budget
paper_walkthrough_persist,P3-Persist,523,defer,0,False,,True,1000,False,budget
paper_walkthrough_persist,P3-Persist,524,cache_hit,0,True,dev_0001,False,0,False,
paper_walkthrough_persist,P3-Persist,525,defer,0,False,,True,1000,False,budget
paper_walkthrough_persist,P3-Persist,526,host_scan,20,True,dev_0006,False,0,False,
paper_walkthrough_persist,P3-Persist,527,defer,0,False,,True,1000,False,budget
paper_walkthrough_persist,P3-Persist,528,defer,0,False,,True,1000,False,budget
paper_walkthrough_persist,P3-Persist,529,defer,0,False,,True,1000,False,budget
paper_walkthrough_persist,P3-Persist,530,defer,0,False,,True,1000,False,budget
paper_walkthrough_persist,P3-Persist,531,skip_non_rpa,0,False,,False,0,False,
paper_walkthrough_persist,P3-Persist,532,host_scan,20,True,dev_0004,False,0,False,
paper_walkthrough_persist,P3-Persist,533,budget_skip,0,False,,False,0,False,budget
paper_walkthrough_persist,P3-Persist,534,budget_skip,0,False,,False,0,False,budget
paper_walkthrough_persist,P3-Persist,535,defer,0,False,,True,1000,False,budget
paper_walkthrough_persist,P3-Persist,536,cache_hit,0,True,dev_0003,False,0,False,
paper_walkthrough_persist,P3-Persist,537,defer,0,False,,True,1000,False,budget
paper_walkthrough_persist,P3-Persist,538,defer,0,False,,True,1000,False,budget
paper_walkthrough_persist,P3-Persist,539,skip_non_rpa,0,False,,False,0,False,
paper_walkthrough_persist,P3-Persist,540,defer,0,False,,True,1000,False,budget
paper_walkthrough_persist,P3-Persist,541,defer,0,False,,True,1000,False,budget
paper_walkthrough_persist,P3-Persist,542,defer,0,False,,True,1000,False,budget
paper_walkthrough_persist,P3-Persist,543,defer,0,False,,True,1000,False,budget
paper_walkthrough_persist,P3-Persist,544,budget_skip,0,False,,False,0,False,budget
paper_walkthrough_persist,P3-Persist,545,budget_skip,0,False,,False,0,False,budget
paper_walkthrough_persist,P3-Persist,546,defer,0,False,,True,1000,False,budget
paper_walkthrough_persist,P3-Persist,547,defer,0,False,,True,1000,False,budget
paper_walkthrough_persist,P3-Persist,548,budget_skip,0,False,,False,0,False,budget
paper_walkthrough_persist,P3-Persist,549,defer,0,False,,True,1000,False,budget
paper_walkthrough_persist,P3-Persist,550,defer,0,False,,True,1000,False,budget
paper_walkthrough_persist,P3-Persist,551,defer,0,False,,True,1000,False,budget
paper_walkthrough_persist,P3-Persist,552,cache_hit,0,True,dev_0000,False,0,False,
paper_walkthrough_persist,P3-Persist,553,defer,0,False,,True,1000,False,budget
paper_walkthrough_persist,P3-Persist,554,cache_hit,0,True,dev_0002,False,0,False,
paper_walkthrough_persist,P3-Persist,555,defer,0,False,,True,1000,False,budget
paper_walkthrough_persist,P3-Persist,556,defer,0,False,,True,1000,False,budget
paper_walkthrough_persist,P3-Persist,557,skip_non_rpa,0,False,,False,0,False,
paper_walkthrough_persist,P3-Persist,558,defer,0,False,,True,1000,False,budget
paper_walkthrough_persist,P3-Persist,559,defer,0,False,,True,1000,False,budget
paper_walkthrough_persist,P3-Persist,560,defer,0,False,,True,1000,False,budget
paper_walkthrough_persist,P3-Persist,561,budget_skip,0,False,,False,0,False,budget
