run_id,event_id,ts_ms,source_type,device_id,addr_type,rpa_epoch,rssi_dbm,payload_len,rpa_value
paper_walkthrough_persist,0,259,attack,,rpa,0,-69.77,22,A0
paper_walkthrough_persist,1,793,non_rpa,,non_rpa,0,-74.82,30,
paper_walkthrough_persist,2,1148,attack,,rpa,3,-77.6,11,A3
paper_walkthrough_persist,3,1305,background,,rpa,0,-85.83,9,B2
paper_walkthrough_persist,4,1394,attack,,rpa,4,-65.85,22,A4
paper_walkthrough_persist,5,2110,attack,,rpa,5,-75.74,21,A5
paper_walkthrough_persist,6,2195,attack,,rpa,6,-83.12,22,A6
paper_walkthrough_persist,7,2243,attack,,rpa,7,-79.03,28,A7
paper_walkthrough_persist,8,3175,attack,,rpa,12,-75.94,12,A12
paper_walkthrough_persist,9,3339,attack,,rpa,10,-75.01,18,A10
paper_walkthrough_persist,10,3465,background,,rpa,0,-85.33,14,B8
paper_walkthrough_persist,11,3873,attack,,rpa,11,-61.77,23,A11
paper_walkthrough_persist,12,3878,attack,,rpa,13,-79.96,25,A13
paper_walkthrough_persist,13,3954,attack,,rpa,9,-67.23,15,A9
paper_walkthrough_persist,14,4643,attack,,rpa,14,-71.63,28,A14
paper_walkthrough_persist,15,4827,attack,,rpa,15,-69.93,30,A15
paper_walkthrough_persist,16,5650,attack,,rpa,17,-74.77,24,A17
paper_walkthrough_persist,17,5817,attack,,rpa,18,-76.17,28,A18
paper_walkthrough_persist,18,5955,background,,rpa,0,-82.32,17,B16
paper_walkthrough_persist,19,6329,attack,,rpa,19,-66.54,21,A19
paper_walkthrough_persist,20,7876,attack,,rpa,20,-67.27,26,A20
paper_walkthrough_persist,21,8704,attack,,rpa,21,-64.24,18,A21
paper_walkthrough_persist,22,10181,background,,rpa,0,-92.21,21,B23
paper_walkthrough_persist,23,10218,background,,rpa,0,-80.4,26,B22
paper_walkthrough_persist,24,11151,attack,,rpa,24,-78.32,23,A24
paper_walkthrough_persist,25,12240,attack,,rpa,27,-61.78,21,A27
paper_walkthrough_persist,26,12258,background,,rpa,0,-74.73,18,B26
paper_walkthrough_persist,27,12482,attack,,rpa,28,-70.63,20,A28
paper_walkthrough_persist,28,12730,background,,rpa,0,-75.66,16,B25
paper_walkthrough_persist,29,13631,attack,,rpa,29,-72.1,20,A29
paper_walkthrough_persist,30,13751,attack,,rpa,30,-68.01,22,A30
paper_walkthrough_persist,31,14550,legit_bonded,dev_0001,rpa,0,-63.77,23,Ldev_0001:0
paper_walkthrough_persist,32,14610,background,,rpa,0,-77.82,26,B34
paper_walkthrough_persist,33,14644,background,,rpa,0,-74.71,12,B33
paper_walkthrough_persist,34,14657,legit_bonded,dev_0010,rpa,0,-59.38,14,Ldev_0010:0
paper_walkthrough_persist,35,14947,attack,,rpa,35,-70.64,14,A35
paper_walkthrough_persist,36,15087,attack,,rpa,39,-69.1,17,A39
paper_walkthrough_persist,37,15279,attack,,rpa,38,-64.94,10,A38
paper_walkthrough_persist,38,15316,attack,,rpa,40,-71.3,20,A40
paper_walkthrough_persist,39,15494,attack,,rpa,37,-62.71,24,A37
paper_walkthrough_persist,40,15742,background,,rpa,0,-75.07,31,B36
paper_walkthrough_persist,41,16373,attack,,rpa,43,-74.83,22,A43
paper_walkthrough_persist,42,16465,background,,rpa,0,-74.81,20,B41
paper_walkthrough_persist,43,16725,attack,,rpa,42,-60.18,21,A42
paper_walkthrough_persist,44,17530,legit_bonded,dev_0009,rpa,0,-47.23,20,Ldev_0009:0
paper_walkthrough_persist,45,18533,background,,rpa,0,-75.55,25,B46
paper_walkthrough_persist,46,18643,legit_bonded,dev_0006,rpa,0,-62.09,28,Ldev_0006:0
paper_walkthrough_persist,47,19154,background,,rpa,0,-88.95,22,B48
paper_walkthrough_persist,48,19293,attack,,rpa,49,-61.16,31,A49
paper_walkthrough_persist,49,19899,background,,rpa,0,-75.04,28,B47
paper_walkthrough_persist,50,19909,non_rpa,,non_rpa,0,-70.64,22,
paper_walkthrough_persist,51,20417,non_rpa,,non_rpa,0,-87.06,16,
paper_walkthrough_persist,52,20522,legit_bonded,dev_0003,rpa,0,-38.84,18,Ldev_0003:0
paper_walkthrough_persist,53,20523,attack,,rpa,52,-65.98,18,A52
paper_walkthrough_persist,54,21209,attack,,rpa,55,-65.08,20,A55
paper_walkthrough_persist,55,21317,attack,,rpa,56,-65.34,12,A56
paper_walkthrough_persist,56,21344,attack,,rpa,57,-75.19,16,A57
paper_walkthrough_persist,57,21575,legit_bonded,dev_0001,rpa,0,-62.49,21,Ldev_0001:0
paper_walkthrough_persist,58,21919,non_rpa,,non_rpa,0,-59.89,21,
paper_walkthrough_persist,59,22571,attack,,rpa,60,-75.58,22,A60
paper_walkthrough_persist,60,22992,legit_bonded,dev_0003,rpa,0,-45.01,13,Ldev_0003:0
paper_walkthrough_persist,61,23379,attack,,rpa,61,-67.55,10,A61
paper_walkthrough_persist,62,24005,attack,,rpa,65,-74.82,15,A65
paper_walkthrough_persist,63,24628,legit_bonded,dev_0001,rpa,0,-58.13,21,Ldev_0001:0
paper_walkthrough_persist,64,24687,attack,,rpa,64,-77.54,19,A64
paper_walkthrough_persist,65,24690,legit_bonded,dev_0001,rpa,0,-72.36,16,Ldev_0001:0
paper_walkthrough_persist,66,25112,attack,,rpa,75,-63.38,16,A75
paper_walkthrough_persist,67,25208,attack,,rpa,73,-73.35,14,A73
paper_walkthrough_persist,68,25294,legit_bonded,dev_0001,rpa,0,-69.41,21,Ldev_0001:0
paper_walkthrough_persist,69,25341,background,,rpa,0,-82.53,29,B71
paper_walkthrough_persist,70,25534,legit_bonded,dev_0002,rpa,0,-87.36,30,Ldev_0002:0
paper_walkthrough_persist,71,25612,background,,rpa,0,-76.71,20,B70
paper_walkthrough_persist,72,25694,attack,,rpa,76,-57.07,15,A76
paper_walkthrough_persist,73,25760,legit_bonded,dev_0003,rpa,0,-28.54,29,Ldev_0003:0
paper_walkthrough_persist,74,25877,attack,,rpa,74,-62.31,10,A74
paper_walkthrough_persist,75,25908,legit_bonded,dev_0000,rpa,0,-62.09,24,Ldev_0000:0
paper_walkthrough_persist,76,25967,non_rpa,,non_rpa,0,-70.55,25,
paper_walkthrough_persist,77,25970,background,,rpa,0,-77.77,27,B72
paper_walkthrough_persist,78,26340,attack,,rpa,79,-63.84,25,A79
paper_walkthrough_persist,79,26379,attack,,rpa,80,-66.9,23,A80
paper_walkthrough_persist,80,26407,background,,rpa,0,-89.24,14,B78
paper_walkthrough_persist,81,27408,attack,,rpa,84,-75.99,17,A84
paper_walkthrough_persist,82,27475,attack,,rpa,83,-75.91,18,A83
paper_walkthrough_persist,83,27528,non_rpa,,non_rpa,0,-86.57,14,
paper_walkthrough_persist,84,27646,background,,rpa,0,-90.84,16,B81
paper_walkthrough_persist,85,27861,background,,rpa,0,-78.97,9,B82
paper_walkthrough_persist,86,27906,non_rpa,,non_rpa,0,-80.22,20,
paper_walkthrough_persist,87,27914,attack,,rpa,85,-72.67,27,A85
paper_walkthrough_persist,88,28055,legit_bonded,dev_0002,rpa,0,-70.66,16,Ldev_0002:0
paper_walkthrough_persist,89,28139,attack,,rpa,91,-70.86,27,A91
paper_walkthrough_persist,90,28308,attack,,rpa,92,-71.12,9,A92
paper_walkthrough_persist,91,28318,attack,,rpa,90,-70.6,14,A90
paper_walkthrough_persist,92,28709,attack,,rpa,93,-71.59,26,A93
paper_walkthrough_persist,93,28833,background,,rpa,0,-90.36,30,B89
paper_walkthrough_persist,94,29015,attack,,rpa,95,-80.52,9,A95
paper_walkthrough_persist,95,29205,attack,,rpa,97,-68.8,21,A97
paper_walkthrough_persist,96,29225,attack,,rpa,99,-69.38,26,A99
paper_walkthrough_persist,97,29478,legit_bonded,dev_0000,rpa,0,-68.1,29,Ldev_0000:0
paper_walkthrough_persist,98,29534,non_rpa,,non_rpa,0,-78.97,21,
paper_walkthrough_persist,99,29642,attack,,rpa,98,-64.11,18,A98
paper_walkthrough_persist,100,29800,attack,,rpa,96,-68.87,15,A96
paper_walkthrough_persist,101,30200,attack,,rpa,101,-63.47,27,A101
paper_walkthrough_persist,102,30547,attack,,rpa,102,-75.37,14,A102
paper_walkthrough_persist,103,31414,attack,,rpa,104,-59.07,10,A104
paper_walkthrough_persist,104,31770,legit_bonded,dev_0009,rpa,0,-49.56,28,Ldev_0009:0
paper_walkthrough_persist,105,31782,attack,,rpa,106,-64.85,17,A106
paper_walkthrough_persist,106,31964,attack,,rpa,105,-74.88,18,A105
paper_walkthrough_persist,107,32755,attack,,rpa,107,-68.7,31,A107
paper_walkthrough_persist,108,34203,attack,,rpa,108,-68.27,27,A108
paper_walkthrough_persist,109,35418,background,,rpa,0,-85.68,10,B110
paper_walkthrough_persist,110,35619,background,,rpa,0,-78.25,10,B109
paper_walkthrough_persist,111,36116,attack,,rpa,113,-72.67,18,A113
paper_walkthrough_persist,112,36329,background,,rpa,0,-87.38,18,B112
paper_walkthrough_persist,113,36904,background,,rpa,0,-85.29,28,B111
paper_walkthrough_persist,114,37414,attack,,rpa,114,-75.62,13,A114
paper_walkthrough_persist,115,38082,legit_bonded,dev_0000,rpa,0,-69.52,19,Ldev_0000:0
paper_walkthrough_persist,116,38708,attack,,rpa,116,-76.23,13,A116
paper_walkthrough_persist,117,39196,attack,,rpa,118,-73.47,21,A118
paper_walkthrough_persist,118,39353,attack,,rpa,117,-67.59,30,A117
paper_walkthrough_persist,119,40153,background,,rpa,0,-90.11,20,B119
paper_walkthrough_persist,120,40789,attack,,rpa,120,-81.18,9,A120
paper_walkthrough_persist,121,41252,attack,,rpa,123,-68.74,16,A123
paper_walkthrough_persist,122,41776,attack,,rpa,122,-73.27,28,A122
paper_walkthrough_persist,123,41996,legit_bonded,dev_0003,rpa,0,-42.91,17,Ldev_0003:0
paper_walkthrough_persist,124,42211,attack,,rpa,127,-73.06,13,A127
paper_walkthrough_persist,125,42387,attack,,rpa,126,-61.66,9,A126
paper_walkthrough_persist,126,42491,non_rpa,,non_rpa,0,-66.98,16,
paper_walkthrough_persist,127,42601,attack,,rpa,124,-56.84,8,A124
paper_walkthrough_persist,128,42619,attack,,rpa,125,-59.58,18,A125
paper_walkthrough_persist,129,43013,attack,,rpa,129,-73.59,29,A129
paper_walkthrough_persist,130,43197,attack,,rpa,132,-65.97,20,A132
paper_walkthrough_persist,131,43399,attack,,rpa,131,-76.39,12,A131
paper_walkthrough_persist,132,43735,attack,,rpa,130,-70.2,17,A130
paper_walkthrough_persist,133,44049,legit_bonded,dev_0001,rpa,0,-65.17,16,Ldev_0001:0
paper_walkthrough_persist,134,44211,non_rpa,,non_rpa,0,-72.39,12,
paper_walkthrough_persist,135,44306,attack,,rpa,135,-67.71,22,A135
paper_walkthrough_persist,136,44612,legit_bonded,dev_0003,rpa,0,-53.88,13,Ldev_0003:0
paper_walkthrough_persist,137,44997,attack,,rpa,136,-66.2,9,A136
paper_walkthrough_persist,138,45210,legit_bonded,dev_0000,rpa,0,-68.06,21,Ldev_0000:0
paper_walkthrough_persist,139,46596,attack,,rpa,140,-75.97,25,A140
paper_walkthrough_persist,140,46600,background,,rpa,0,-82.33,10,B139
paper_walkthrough_persist,141,47416,attack,,rpa,142,-75.74,18,A142
paper_walkthrough_persist,142,47515,background,,rpa,0,-79.61,30,B141
paper_walkthrough_persist,143,48470,background,,rpa,0,-78.84,28,B143
paper_walkthrough_persist,144,49330,attack,,rpa,145,-79.2,31,A145
paper_walkthrough_persist,145,49440,attack,,rpa,146,-76.01,26,A146
paper_walkthrough_persist,146,49554,attack,,rpa,144,-71.21,19,A144
paper_walkthrough_persist,147,50030,background,,rpa,0,-73.92,25,B148
paper_walkthrough_persist,148,50135,attack,,rpa,149,-79.34,22,A149
paper_walkthrough_persist,149,50378,attack,,rpa,150,-59.02,22,A150
paper_walkthrough_persist,150,50429,legit_bonded,dev_0009,rpa,0,-39.79,26,Ldev_0009:0
paper_walkthrough_persist,151,50975,attack,,rpa,151,-68.98,18,A151
paper_walkthrough_persist,152,51043,attack,,rpa,154,-74.8,31,A154
paper_walkthrough_persist,153,51457,background,,rpa,0,-75.65,9,B152
paper_walkthrough_persist,154,51654,attack,,rpa,153,-68.72,22,A153
paper_walkthrough_persist,155,52003,background,,rpa,0,-82.03,23,B155
paper_walkthrough_persist,156,52917,attack,,rpa,156,-72.2,15,A156
paper_walkthrough_persist,157,53267,attack,,rpa,160,-53.01,15,A160
paper_walkthrough_persist,158,53563,attack,,rpa,159,-65.36,26,A159
paper_walkthrough_persist,159,53615,attack,,rpa,158,-59.62,23,A158
paper_walkthrough_persist,160,53791,legit_bonded,dev_0004,rpa,0,-62.13,12,Ldev_0004:0
paper_walkthrough_persist,161,54286,non_rpa,,non_rpa,0,-78.36,23,
paper_walkthrough_persist,162,54530,attack,,rpa,162,-62.89,9,A162
paper_walkthrough_persist,163,54541,attack,,rpa,161,-77.58,17,A161
paper_walkthrough_persist,164,54768,attack,,rpa,163,-62.96,18,A163
paper_walkthrough_persist,165,55428,legit_bonded,dev_0005,rpa,0,-55.09,30,Ldev_0005:0
paper_walkthrough_persist,166,55471,legit_bonded,dev_0001,rpa,0,-61.4,21,Ldev_0001:0
paper_walkthrough_persist,167,55904,attack,,rpa,167,-67.11,28,A167
paper_walkthrough_persist,168,56961,attack,,rpa,168,-76.79,25,A168
paper_walkthrough_persist,169,57022,background,,rpa,0,-79.19,16,B169
paper_walkthrough_persist,170,57365,attack,,rpa,171,-62.85,27,A171
paper_walkthrough_persist,171,57906,attack,,rpa,170,-68.39,12,A170
paper_walkthrough_persist,172,58057,non_rpa,,non_rpa,0,-75.54,12,
paper_walkthrough_persist,173,58310,background,,rpa,0,-81.26,17,B173
paper_walkthrough_persist,174,58424,attack,,rpa,176,-67.82,16,A176
paper_walkthrough_persist,175,58769,legit_bonded,dev_0011,rpa,0,-56.56,28,Ldev_0011:0
paper_walkthrough_persist,176,58893,attack,,rpa,174,-66.69,27,A174
paper_walkthrough_persist,177,58954,attack,,rpa,175,-69.68,30,A175
paper_walkthrough_persist,178,59015,legit_bonded,dev_0002,rpa,0,-64.04,29,Ldev_0002:0
paper_walkthrough_persist,179,59406,background,,rpa,0,-87.49,23,B179
paper_walkthrough_persist,180,59716,attack,,rpa,181,-79.9,10,A181
paper_walkthrough_persist,181,59864,attack,,rpa,180,-68.86,20,A180
paper_walkthrough_persist,182,61100,non_rpa,,non_rpa,0,-69.04,10,
paper_walkthrough_persist,183,61432,attack,,rpa,182,-59.46,12,A182
paper_walkthrough_persist,184,61760,non_rpa,,non_rpa,0,-76.79,17,
paper_walkthrough_persist,185,61809,attack,,rpa,183,-62.45,31,A183
paper_walkthrough_persist,186,62075,attack,,rpa,186,-72.95,29,A186
paper_walkthrough_persist,187,63219,attack,,rpa,193,-70.16,26,A193
paper_walkthrough_persist,188,63281,attack,,rpa,190,-60.52,24,A190
paper_walkthrough_persist,189,63339,background,,rpa,0,-91.22,16,B189
paper_walkthrough_persist,190,63429,legit_bonded,dev_0003,rpa,0,-56.69,21,Ldev_0003:0
paper_walkthrough_persist,191,63504,non_rpa,,non_rpa,0,-70.57,21,
paper_walkthrough_persist,192,63516,attack,,rpa,192,-72.72,31,A192
paper_walkthrough_persist,193,63690,legit_bonded,dev_0000,rpa,0,-64.63,25,Ldev_0000:0
paper_walkthrough_persist,194,63769,attack,,rpa,191,-72.17,14,A191
paper_walkthrough_persist,195,64081,attack,,rpa,197,-56.38,20,A197
paper_walkthrough_persist,196,64096,attack,,rpa,195,-66.95,29,A195
paper_walkthrough_persist,197,64405,attack,,rpa,198,-68.49,13,A198
paper_walkthrough_persist,198,64733,attack,,rpa,196,-60.53,19,A196
paper_walkthrough_persist,199,65185,background,,rpa,0,-81.29,8,B201
paper_walkthrough_persist,200,65321,attack,,rpa,203,-69.36,24,A203
paper_walkthrough_persist,201,65509,legit_bonded,dev_0001,rpa,0,-68.46,13,Ldev_0001:0
paper_walkthrough_persist,202,65810,attack,,rpa,202,-67.38,14,A202
paper_walkthrough_persist,203,65829,legit_bonded,dev_0009,rpa,0,-44.3,27,Ldev_0009:0
paper_walkthrough_persist,204,66042,attack,,rpa,206,-70.21,20,A206
paper_walkthrough_persist,205,66054,legit_bonded,dev_0005,rpa,0,-71.32,13,Ldev_0005:0
paper_walkthrough_persist,206,66393,attack,,rpa,207,-66.62,20,A207
paper_walkthrough_persist,207,66481,attack,,rpa,208,-70.44,22,A208
paper_walkthrough_persist,208,66836,background,,rpa,0,-89.0,29,B205
paper_walkthrough_persist,209,68075,non_rpa,,non_rpa,0,-69.15,15,
paper_walkthrough_persist,210,68460,legit_bonded,dev_0006,rpa,0,-55.82,31,Ldev_0006:0
paper_walkthrough_persist,211,68659,non_rpa,,non_rpa,0,-72.92,15,
paper_walkthrough_persist,212,68692,attack,,rpa,211,-72.99,24,A211
paper_walkthrough_persist,213,68817,legit_bonded,dev_0003,rpa,0,-49.25,23,Ldev_0003:0
paper_walkthrough_persist,214,68862,attack,,rpa,212,-69.76,10,A212
paper_walkthrough_persist,215,68922,non_rpa,,non_rpa,0,-76.34,16,
paper_walkthrough_persist,216,69067,attack,,rpa,217,-66.46,26,A217
paper_walkthrough_persist,217,69131,legit_bonded,dev_0005,rpa,0,-62.21,23,Ldev_0005:0
paper_walkthrough_persist,218,69510,attack,,rpa,218,-63.71,14,A218
paper_walkthrough_persist,219,69559,non_rpa,,non_rpa,0,-69.97,29,
paper_walkthrough_persist,220,69663,non_rpa,,non_rpa,0,-66.86,14,
paper_walkthrough_persist,221,70575,background,,rpa,0,-89.24,31,B221
paper_walkthrough_persist,222,72066,legit_bonded,dev_0003,rpa,0,-41.59,31,Ldev_0003:0
paper_walkthrough_persist,223,72225,attack,,rpa,225,-74.26,26,A225
paper_walkthrough_persist,224,72567,attack,,rpa,224,-71.43,27,A224
paper_walkthrough_persist,225,72826,attack,,rpa,223,-69.45,31,A223
paper_walkthrough_persist,226,73127,non_rpa,,non_rpa,0,-64.01,30,
paper_walkthrough_persist,227,73606,attack,,rpa,226,-63.43,12,A226
paper_walkthrough_persist,228,74047,attack,,rpa,229,-74.62,25,A229
paper_walkthrough_persist,229,74127,attack,,rpa,231,-70.06,11,A231
paper_walkthrough_persist,230,74429,legit_bonded,dev_0005,rpa,0,-55.8,14,Ldev_0005:0
paper_walkthrough_persist,231,74429,attack,,rpa,230,-65.45,28,A230
paper_walkthrough_persist,232,75157,background,,rpa,0,-88.93,26,B234
paper_walkthrough_persist,233,75257,attack,,rpa,235,-61.79,14,A235
paper_walkthrough_persist,234,75457,background,,rpa,0,-86.22,24,B232
paper_walkthrough_persist,235,75532,background,,rpa,0,-85.63,31,B233
paper_walkthrough_persist,236,76102,attack,,rpa,239,-75.27,14,A239
paper_walkthrough_persist,237,76111,attack,,rpa,238,-73.58,18,A238
paper_walkthrough_persist,238,76491,legit_bonded,dev_0002,rpa,0,-74.58,21,Ldev_0002:0
paper_walkthrough_persist,239,76515,attack,,rpa,237,-64.82,24,A237
paper_walkthrough_persist,240,77449,attack,,rpa,241,-73.16,29,A241
paper_walkthrough_persist,241,77914,background,,rpa,0,-81.15,15,B240
paper_walkthrough_persist,242,78000,attack,,rpa,245,-71.05,27,A245
paper_walkthrough_persist,243,78423,attack,,rpa,244,-80.09,18,A244
paper_walkthrough_persist,244,78516,legit_bonded,dev_0000,rpa,0,-63.78,29,Ldev_0000:0
paper_walkthrough_persist,245,78520,background,,rpa,0,-91.28,23,B243
paper_walkthrough_persist,246,79247,attack,,rpa,248,-68.35,16,A248
paper_walkthrough_persist,247,79551,non_rpa,,non_rpa,0,-63.76,23,
paper_walkthrough_persist,248,79590,legit_bonded,dev_0000,rpa,0,-73.06,30,Ldev_0000:0
paper_walkthrough_persist,249,79594,attack,,rpa,250,-69.35,23,A250
paper_walkthrough_persist,250,79716,attack,,rpa,247,-70.43,31,A247
paper_walkthrough_persist,251,79777,attack,,rpa,251,-75.3,25,A251
paper_walkthrough_persist,252,79859,attack,,rpa,249,-72.89,24,A249
paper_walkthrough_persist,253,80654,legit_bonded,dev_0006,rpa,0,-64.97,19,Ldev_0006:0
paper_walkthrough_persist,254,81089,non_rpa,,non_rpa,0,-66.81,17,
paper_walkthrough_persist,255,81229,attack,,rpa,255,-70.68,25,A255
paper_walkthrough_persist,256,81453,non_rpa,,non_rpa,0,-82.83,29,
paper_walkthrough_persist,257,81681,legit_bonded,dev_0004,rpa,0,-56.29,19,Ldev_0004:0
paper_walkthrough_persist,258,82103,background,,rpa,0,-85.71,10,B259
paper_walkthrough_persist,259,82346,legit_bonded,dev_0001,rpa,0,-55.15,23,Ldev_0001:0
paper_walkthrough_persist,260,82515,background,,rpa,0,-82.58,26,B260
paper_walkthrough_persist,261,82743,attack,,rpa,261,-77.23,26,A261
paper_walkthrough_persist,262,83743,background,,rpa,0,-78.74,9,B262
paper_walkthrough_persist,263,84853,attack,,rpa,263,-70.65,22,A263
paper_walkthrough_persist,264,85040,background,,rpa,0,-84.99,13,B265
paper_walkthrough_persist,265,85454,attack,,rpa,266,-70.84,8,A266
paper_walkthrough_persist,266,85656,legit_bonded,dev_0001,rpa,0,-67.11,18,Ldev_0001:0
paper_walkthrough_persist,267,86111,attack,,rpa,269,-70.95,24,A269
paper_walkthrough_persist,268,86348,attack,,rpa,268,-64.85,8,A268
paper_walkthrough_persist,269,86638,attack,,rpa,267,-61.65,24,A267
paper_walkthrough_persist,270,87650,legit_bonded,dev_0000,rpa,0,-55.59,20,Ldev_0000:0
paper_walkthrough_persist,271,87902,legit_bonded,dev_0000,rpa,0,-61.37,12,Ldev_0000:0
paper_walkthrough_persist,272,88344,attack,,rpa,275,-62.61,27,A275
paper_walkthrough_persist,273,88693,legit_bonded,dev_0000,rpa,0,-60.11,25,Ldev_0000:0
paper_walkthrough_persist,274,88718,attack,,rpa,274,-66.23,8,A274
paper_walkthrough_persist,275,88861,attack,,rpa,273,-82.75,27,A273
paper_walkthrough_persist,276,89068,attack,,rpa,281,-73.81,19,A281
paper_walkthrough_persist,277,89119,legit_bonded,dev_0008,rpa,0,-56.89,12,Ldev_0008:0
paper_walkthrough_persist,278,89343,attack,,rpa,280,-74.5,22,A280
paper_walkthrough_persist,279,89688,attack,,rpa,278,-65.02,11,A278
paper_walkthrough_persist,280,89836,background,,rpa,0,-92.07,11,B277
paper_walkthrough_persist,281,89850,attack,,rpa,279,-67.42,8,A279
paper_walkthrough_persist,282,90073,attack,,rpa,285,-59.11,15,A285
paper_walkthrough_persist,283,90557,legit_bonded,dev_0000,rpa,0,-55.72,14,Ldev_0000:0
paper_walkthrough_persist,284,90577,legit_bonded,dev_0008,rpa,0,-54.89,15,Ldev_0008:0
paper_walkthrough_persist,285,90990,attack,,rpa,284,-64.24,22,A284
paper_walkthrough_persist,286,91574,attack,,rpa,288,-65.57,20,A288
paper_walkthrough_persist,287,91659,attack,,rpa,286,-75.94,16,A286
paper_walkthrough_persist,288,91732,attack,,rpa,287,-66.17,31,A287
paper_walkthrough_persist,289,91941,attack,,rpa,289,-64.83,20,A289
paper_walkthrough_persist,290,93025,background,,rpa,0,-80.14,19,B291
paper_walkthrough_persist,291,93451,non_rpa,,non_rpa,0,-65.05,31,
paper_walkthrough_persist,292,93610,legit_bonded,dev_0001,rpa,0,-73.08,21,Ldev_0001:0
paper_walkthrough_persist,293,93781,attack,,rpa,292,-77.81,12,A292
paper_walkthrough_persist,294,94171,attack,,rpa,296,-58.69,20,A296
paper_walkthrough_persist,295,94279,attack,,rpa,297,-72.28,8,A297
paper_walkthrough_persist,296,94392,background,,rpa,0,-77.46,27,B294
paper_walkthrough_persist,297,94544,attack,,rpa,295,-71.24,12,A295
paper_walkthrough_persist,298,95264,legit_bonded,dev_0000,rpa,0,-62.26,20,Ldev_0000:0
paper_walkthrough_persist,299,95680,attack,,rpa,299,-77.68,16,A299
paper_walkthrough_persist,300,96357,non_rpa,,non_rpa,0,-80.17,8,
paper_walkthrough_persist,301,96471,background,,rpa,0,-86.97,17,B300
paper_walkthrough_persist,302,96799,attack,,rpa,301,-61.71,27,A301
paper_walkthrough_persist,303,97122,attack,,rpa,305,-69.13,14,A305
paper_walkthrough_persist,304,97854,attack,,rpa,306,-68.35,25,A306
paper_walkthrough_persist,305,97960,background,,rpa,0,-79.08,17,B303
paper_walkthrough_persist,306,97990,background,,rpa,0,-77.99,23,B304
paper_walkthrough_persist,307,98983,attack,,rpa,307,-67.71,8,A307
paper_walkthrough_persist,308,99248,attack,,rpa,309,-72.57,25,A309
paper_walkthrough_persist,309,99251,attack,,rpa,308,-78.09,19,A308
paper_walkthrough_persist,310,100132,attack,,rpa,312,-78.7,13,A312
paper_walkthrough_persist,311,100217,attack,,rpa,311,-65.09,16,A311
paper_walkthrough_persist,312,100506,attack,,rpa,310,-74.65,9,A310
paper_walkthrough_persist,313,101853,attack,,rpa,313,-75.08,14,A313
paper_walkthrough_persist,314,102775,attack,,rpa,314,-66.02,16,A314
paper_walkthrough_persist,315,103318,attack,,rpa,315,-69.1,12,A315
paper_walkthrough_persist,316,103345,attack,,rpa,316,-78.0,24,A316
paper_walkthrough_persist,317,104089,non_rpa,,non_rpa,0,-77.3,20,
paper_walkthrough_persist,318,104090,non_rpa,,non_rpa,0,-67.95,19,
paper_walkthrough_persist,319,104294,attack,,rpa,318,-69.57,30,A318
paper_walkthrough_persist,320,104516,attack,,rpa,319,-71.54,28,A319
paper_walkthrough_persist,321,104724,legit_bonded,dev_0011,rpa,0,-48.24,18,Ldev_0011:0
paper_walkthrough_persist,322,105116,attack,,rpa,323,-69.69,21,A323
paper_walkthrough_persist,323,105937,attack,,rpa,324,-70.66,11,A324
paper_walkthrough_persist,324,105974,attack,,rpa,322,-69.33,11,A322
paper_walkthrough_persist,325,106239,non_rpa,,non_rpa,0,-73.9,22,
paper_walkthrough_persist,326,106440,legit_bonded,dev_0000,rpa,0,-67.29,22,Ldev_0000:0
paper_walkthrough_persist,327,106892,attack,,rpa,326,-70.64,29,A326
paper_walkthrough_persist,328,107108,legit_bonded,dev_0000,rpa,0,-59.53,29,Ldev_0000:0
paper_walkthrough_persist,329,107279,attack,,rpa,329,-77.52,18,A329
paper_walkthrough_persist,330,108619,attack,,rpa,331,-77.42,20,A331
paper_walkthrough_persist,331,108653,attack,,rpa,330,-71.09,13,A330
paper_walkthrough_persist,332,109617,background,,rpa,0,-80.97,21,B332
paper_walkthrough_persist,333,110378,background,,rpa,0,-82.81,8,B333
paper_walkthrough_persist,334,110789,background,,rpa,0,-87.12,31,B334
paper_walkthrough_persist,335,111601,attack,,rpa,335,-69.04,25,A335
paper_walkthrough_persist,336,111886,attack,,rpa,336,-75.09,15,A336
paper_walkthrough_persist,337,112314,legit_bonded,dev_0001,rpa,0,-68.15,20,Ldev_0001:0
paper_walkthrough_persist,338,112419,attack,,rpa,340,-65.35,31,A340
paper_walkthrough_persist,339,112421,attack,,rpa,339,-72.78,19,A339
paper_walkthrough_persist,340,112615,legit_bonded,dev_0000,rpa,0,-63.78,25,Ldev_0000:0
paper_walkthrough_persist,341,115042,attack,,rpa,343,-64.08,22,A343
paper_walkthrough_persist,342,115184,non_rpa,,non_rpa,0,-82.04,17,
paper_walkthrough_persist,343,115193,attack,,rpa,344,-62.28,27,A344
paper_walkthrough_persist,344,115595,legit_bonded,dev_0002,rpa,0,-74.74,29,Ldev_0002:0
paper_walkthrough_persist,345,115740,legit_bonded,dev_0003,rpa,0,-44.17,12,Ldev_0003:0
paper_walkthrough_persist,346,116643,attack,,rpa,347,-76.79,22,A347
paper_walkthrough_persist,347,116786,attack,,rpa,346,-61.22,13,A346
paper_walkthrough_persist,348,117208,background,,rpa,0,-90.74,10,B348
paper_walkthrough_persist,349,117215,background,,rpa,0,-72.79,10,B349
paper_walkthrough_persist,350,117896,attack,,rpa,350,-59.17,15,A350
paper_walkthrough_persist,351,118164,background,,rpa,0,-85.89,8,B352
paper_walkthrough_persist,352,118381,background,,rpa,0,-86.53,28,B351
paper_walkthrough_persist,353,118502,attack,,rpa,354,-78.63,16,A354
paper_walkthrough_persist,354,118979,attack,,rpa,353,-69.91,25,A353
paper_walkthrough_persist,355,119261,legit_bonded,dev_0000,rpa,0,-64.48,25,Ldev_0000:0
paper_walkthrough_persist,356,119344,background,,rpa,0,-83.87,17,B356
paper_walkthrough_persist,357,119435,attack,,rpa,357,-64.52,28,A357
paper_walkthrough_persist,358,119648,attack,,rpa,359,-63.5,8,A359
paper_walkthrough_persist,359,119845,attack,,rpa,358,-78.7,24,A358
paper_walkthrough_persist,360,120376,attack,,rpa,361,-70.77,15,A361
paper_walkthrough_persist,361,120569,legit_bonded,dev_0002,rpa,1,-68.1,23,Ldev_0002:1
paper_walkthrough_persist,362,121216,attack,,rpa,363,-71.49,12,A363
paper_walkthrough_persist,363,121504,attack,,rpa,364,-81.25,18,A364
paper_walkthrough_persist,364,121517,attack,,rpa,362,-69.72,17,A362
paper_walkthrough_persist,365,121575,attack,,rpa,366,-68.0,17,A366
paper_walkthrough_persist,366,121619,attack,,rpa,365,-65.15,29,A365
paper_walkthrough_persist,367,122003,attack,,rpa,368,-70.01,18,A368
paper_walkthrough_persist,368,122016,attack,,rpa,369,-70.47,13,A369
paper_walkthrough_persist,369,122186,attack,,rpa,367,-63.61,26,A367
paper_walkthrough_persist,370,122506,attack,,rpa,370,-74.43,29,A370
paper_walkthrough_persist,371,123115,attack,,rpa,373,-65.44,31,A373
paper_walkthrough_persist,372,123511,attack,,rpa,371,-73.84,25,A371
paper_walkthrough_persist,373,123613,attack,,rpa,372,-70.28,11,A372
paper_walkthrough_persist,374,123804,non_rpa,,non_rpa,0,-82.65,19,
paper_walkthrough_persist,375,124296,background,,rpa,1,-74.51,12,B375
paper_walkthrough_persist,376,125135,attack,,rpa,378,-71.63,11,A378
paper_walkthrough_persist,377,125658,legit_bonded,dev_0002,rpa,1,-71.93,20,Ldev_0002:1
paper_walkthrough_persist,378,125665,attack,,rpa,377,-57.28,11,A377
paper_walkthrough_persist,379,125849,non_rpa,,non_rpa,0,-74.66,19,
paper_walkthrough_persist,380,126379,attack,,rpa,382,-72.72,24,A382
paper_walkthrough_persist,381,126387,legit_bonded,dev_0001,rpa,1,-71.08,20,Ldev_0001:1
paper_walkthrough_persist,382,126533,legit_bonded,dev_0000,rpa,1,-65.04,17,Ldev_0000:1
paper_walkthrough_persist,383,126961,attack,,rpa,383,-71.02,19,A383
paper_walkthrough_persist,384,126980,non_rpa,,non_rpa,0,-79.32,18,
paper_walkthrough_persist,385,127047,background,,rpa,1,-71.22,15,B385
paper_walkthrough_persist,386,127158,attack,,rpa,386,-66.78,30,A386
paper_walkthrough_persist,387,128412,attack,,rpa,389,-65.27,17,A389
paper_walkthrough_persist,388,128784,attack,,rpa,387,-63.09,19,A387
paper_walkthrough_persist,389,128843,attack,,rpa,388,-75.94,18,A388
paper_walkthrough_persist,390,129420,legit_bonded,dev_0002,rpa,1,-71.82,25,Ldev_0002:1
paper_walkthrough_persist,391,129629,attack,,rpa,391,-76.85,31,A391
paper_walkthrough_persist,392,130116,attack,,rpa,394,-69.53,11,A394
paper_walkthrough_persist,393,130154,attack,,rpa,393,-73.34,16,A393
paper_walkthrough_persist,394,130272,attack,,rpa,392,-68.76,25,A392
paper_walkthrough_persist,395,130297,attack,,rpa,395,-69.74,18,A395
paper_walkthrough_persist,396,130429,non_rpa,,non_rpa,0,-73.16,17,
paper_walkthrough_persist,397,131336,legit_bonded,dev_0000,rpa,1,-67.59,29,Ldev_0000:1
paper_walkthrough_persist,398,131620,background,,rpa,1,-84.15,28,B398
paper_walkthrough_persist,399,131654,attack,,rpa,400,-57.22,22,A400
paper_walkthrough_persist,400,131801,non_rpa,,non_rpa,0,-87.66,11,
paper_walkthrough_persist,401,131865,attack,,rpa,399,-65.57,29,A399
paper_walkthrough_persist,402,131962,non_rpa,,non_rpa,0,-71.14,30,
paper_walkthrough_persist,403,132139,legit_bonded,dev_0000,rpa,1,-71.85,28,Ldev_0000:1
paper_walkthrough_persist,404,132368,attack,,rpa,406,-65.47,10,A406
paper_walkthrough_persist,405,132389,attack,,rpa,404,-68.29,11,A404
paper_walkthrough_persist,406,132996,attack,,rpa,405,-83.96,10,A405
paper_walkthrough_persist,407,133128,attack,,rpa,409,-68.35,29,A409
paper_walkthrough_persist,408,133307,legit_bonded,dev_0003,rpa,1,-58.47,20,Ldev_0003:1
paper_walkthrough_persist,409,133716,attack,,rpa,408,-68.33,23,A408
paper_walkthrough_persist,410,133812,attack,,rpa,410,-70.47,21,A410
paper_walkthrough_persist,411,134176,legit_bonded,dev_0004,rpa,1,-64.82,31,Ldev_0004:1
paper_walkthrough_persist,412,134370,legit_bonded,dev_0003,rpa,1,-44.72,14,Ldev_0003:1
paper_walkthrough_persist,413,134518,attack,,rpa,413,-75.26,13,A413
paper_walkthrough_persist,414,134769,non_rpa,,non_rpa,0,-74.71,14,
paper_walkthrough_persist,415,136083,attack,,rpa,418,-68.56,22,A418
paper_walkthrough_persist,416,136172,non_rpa,,non_rpa,0,-72.41,19,
paper_walkthrough_persist,417,136187,legit_bonded,dev_0001,rpa,1,-56.24,28,Ldev_0001:1
paper_walkthrough_persist,418,136344,legit_bonded,dev_0003,rpa,1,-52.36,19,Ldev_0003:1
paper_walkthrough_persist,419,136526,attack,,rpa,417,-72.14,19,A417
paper_walkthrough_persist,420,137265,attack,,rpa,420,-70.71,22,A420
paper_walkthrough_persist,421,138069,legit_bonded,dev_0001,rpa,1,-67.66,17,Ldev_0001:1
paper_walkthrough_persist,422,138266,attack,,rpa,422,-71.81,18,A422
paper_walkthrough_persist,423,139889,attack,,rpa,423,-66.19,8,A423
paper_walkthrough_persist,424,140038,legit_bonded,dev_0001,rpa,1,-72.54,16,Ldev_0001:1
paper_walkthrough_persist,425,140128,attack,,rpa,427,-75.05,14,A427
paper_walkthrough_persist,426,140241,attack,,rpa,426,-73.27,18,A426
paper_walkthrough_persist,427,140556,legit_bonded,dev_0001,rpa,1,-67.76,21,Ldev_0001:1
paper_walkthrough_persist,428,140753,attack,,rpa,428,-72.7,22,A428
paper_walkthrough_persist,429,141031,non_rpa,,non_rpa,0,-76.38,18,
paper_walkthrough_persist,430,141211,legit_bonded,dev_0000,rpa,1,-54.23,15,Ldev_0000:1
paper_walkthrough_persist,431,141212,legit_bonded,dev_0009,rpa,1,-56.99,29,Ldev_0009:1
paper_walkthrough_persist,432,141802,attack,,rpa,431,-69.81,29,A431
paper_walkthrough_persist,433,141953,attack,,rpa,432,-70.89,24,A432
paper_walkthrough_persist,434,142080,attack,,rpa,435,-71.44,16,A435
paper_walkthrough_persist,435,142702,attack,,rpa,434,-76.8,12,A434
paper_walkthrough_persist,436,143112,legit_bonded,dev_0000,rpa,1,-57.51,16,Ldev_0000:1
paper_walkthrough_persist,437,143566,legit_bonded,dev_0000,rpa,1,-68.0,21,Ldev_0000:1
paper_walkthrough_persist,438,143951,attack,,rpa,438,-67.8,24,A438
paper_walkthrough_persist,439,144016,legit_bonded,dev_0006,rpa,1,-72.49,21,Ldev_0006:1
paper_walkthrough_persist,440,144096,attack,,rpa,441,-67.84,26,A441
paper_walkthrough_persist,441,144356,attack,,rpa,440,-60.98,17,A440
paper_walkthrough_persist,442,144747,attack,,rpa,442,-69.41,14,A442
paper_walkthrough_persist,443,145708,background,,rpa,1,-84.8,17,B443
paper_walkthrough_persist,444,145885,attack,,rpa,444,-58.24,9,A444
paper_walkthrough_persist,445,146313,attack,,rpa,445,-57.1,16,A445
paper_walkthrough_persist,446,147094,attack,,rpa,448,-65.46,18,A448
paper_walkthrough_persist,447,147278,attack,,rpa,446,-73.13,27,A446
paper_walkthrough_persist,448,147567,attack,,rpa,447,-61.94,29,A447
paper_walkthrough_persist,449,148094,non_rpa,,non_rpa,0,-86.24,16,
paper_walkthrough_persist,450,148199,background,,rpa,1,-79.45,13,B451
paper_walkthrough_persist,451,148221,background,,rpa,1,-88.61,30,B450
paper_walkthrough_persist,452,148377,attack,,rpa,454,-69.28,19,A454
paper_walkthrough_persist,453,148414,attack,,rpa,452,-76.21,15,A452
paper_walkthrough_persist,454,148561,legit_bonded,dev_0000,rpa,1,-68.89,14,Ldev_0000:1
paper_walkthrough_persist,455,148845,attack,,rpa,453,-62.86,10,A453
paper_walkthrough_persist,456,149589,attack,,rpa,456,-69.12,18,A456
paper_walkthrough_persist,457,150280,attack,,rpa,458,-70.49,26,A458
paper_walkthrough_persist,458,150872,attack,,rpa,460,-70.92,17,A460
paper_walkthrough_persist,459,150879,background,,rpa,1,-84.56,23,B457
paper_walkthrough_persist,460,150964,attack,,rpa,459,-79.99,26,A459
paper_walkthrough_persist,461,151172,legit_bonded,dev_0002,rpa,1,-71.28,18,Ldev_0002:1
paper_walkthrough_persist,462,151509,attack,,rpa,463,-75.6,14,A463
paper_walkthrough_persist,463,151521,attack,,rpa,462,-69.27,29,A462
paper_walkthrough_persist,464,152026,background,,rpa,1,-73.56,14,B465
paper_walkthrough_persist,465,152041,attack,,rpa,466,-70.97,31,A466
paper_walkthrough_persist,466,152099,attack,,rpa,467,-74.34,21,A467
paper_walkthrough_persist,467,152158,non_rpa,,non_rpa,0,-76.12,15,
paper_walkthrough_persist,468,152658,background,,rpa,1,-82.27,29,B464
paper_walkthrough_persist,469,153291,legit_bonded,dev_0000,rpa,1,-58.9,28,Ldev_0000:1
paper_walkthrough_persist,470,153919,attack,,rpa,470,-78.16,22,A470
paper_walkthrough_persist,471,154075,attack,,rpa,480,-73.38,18,A480
paper_walkthrough_persist,472,154077,attack,,rpa,474,-72.38,25,A474
paper_walkthrough_persist,473,154117,attack,,rpa,479,-61.17,24,A479
paper_walkthrough_persist,474,154120,legit_bonded,dev_0001,rpa,1,-74.29,20,Ldev_0001:1
paper_walkthrough_persist,475,154180,attack,,rpa,476,-75.31,29,A476
paper_walkthrough_persist,476,154344,attack,,rpa,477,-74.37,16,A477
paper_walkthrough_persist,477,154397,background,,rpa,1,-92.49,10,B473
paper_walkthrough_persist,478,154597,legit_bonded,dev_0002,rpa,1,-77.55,28,Ldev_0002:1
paper_walkthrough_persist,479,154769,attack,,rpa,478,-66.58,20,A478
paper_walkthrough_persist,480,154778,attack,,rpa,475,-75.42,31,A475
paper_walkthrough_persist,481,155460,attack,,rpa,482,-71.03,20,A482
paper_walkthrough_persist,482,155646,attack,,rpa,481,-67.83,21,A481
paper_walkthrough_persist,483,156178,legit_bonded,dev_0000,rpa,1,-57.87,26,Ldev_0000:1
paper_walkthrough_persist,484,156377,attack,,rpa,484,-70.04,22,A484
paper_walkthrough_persist,485,157347,background,,rpa,1,-73.38,23,B485
paper_walkthrough_persist,486,158776,attack,,rpa,486,-69.48,14,A486
paper_walkthrough_persist,487,159148,attack,,rpa,489,-75.06,13,A489
paper_walkthrough_persist,488,159155,attack,,rpa,488,-75.78,24,A488
paper_walkthrough_persist,489,159426,attack,,rpa,487,-70.24,16,A487
paper_walkthrough_persist,490,160082,attack,,rpa,491,-65.64,26,A491
paper_walkthrough_persist,491,160637,legit_bonded,dev_0003,rpa,1,-41.38,15,Ldev_0003:1
paper_walkthrough_persist,492,160988,attack,,rpa,492,-73.24,27,A492
paper_walkthrough_persist,493,161016,attack,,rpa,496,-60.66,24,A496
paper_walkthrough_persist,494,161357,background,,rpa,1,-75.64,28,B493
paper_walkthrough_persist,495,161366,attack,,rpa,494,-76.84,15,A494
paper_walkthrough_persist,496,161406,non_rpa,,non_rpa,0,-75.25,14,
paper_walkthrough_persist,497,161868,attack,,rpa,495,-73.74,16,A495
paper_walkthrough_persist,498,162092,attack,,rpa,499,-70.99,17,A499
paper_walkthrough_persist,499,162099,non_rpa,,non_rpa,0,-73.72,31,
paper_walkthrough_persist,500,162113,attack,,rpa,500,-69.26,8,A500
paper_walkthrough_persist,501,162214,legit_bonded,dev_0001,rpa,1,-64.31,27,Ldev_0001:1
paper_walkthrough_persist,502,162664,non_rpa,,non_rpa,0,-74.81,11,
paper_walkthrough_persist,503,162736,attack,,rpa,501,-62.99,27,A501
paper_walkthrough_persist,504,163022,attack,,rpa,507,-67.73,8,A507
paper_walkthrough_persist,505,163482,attack,,rpa,508,-65.27,29,A508
paper_walkthrough_persist,506,163565,non_rpa,,non_rpa,0,-71.38,29,
paper_walkthrough_persist,507,163894,background,,rpa,1,-77.49,29,B505
paper_walkthrough_persist,508,163897,attack,,rpa,506,-63.64,30,A506
paper_walkthrough_persist,509,163957,legit_bonded,dev_0000,rpa,1,-53.74,24,Ldev_0000:1
paper_walkthrough_persist,510,164339,attack,,rpa,511,-65.8,21,A511
paper_walkthrough_persist,511,164768,attack,,rpa,510,-63.06,26,A510
paper_walkthrough_persist,512,165155,attack,,rpa,513,-70.81,23,A513
paper_walkthrough_persist,513,165525,background,,rpa,1,-80.42,10,B512
paper_walkthrough_persist,514,166273,attack,,rpa,516,-75.23,21,A516
paper_walkthrough_persist,515,166432,background,,rpa,1,-83.69,17,B515
paper_walkthrough_persist,516,166443,attack,,rpa,517,-68.28,20,A517
paper_walkthrough_persist,517,166542,legit_bonded,dev_0000,rpa,1,-66.17,12,Ldev_0000:1
paper_walkthrough_persist,518,167078,attack,,rpa,519,-73.25,24,A519
paper_walkthrough_persist,519,167143,background,,rpa,1,-86.64,9,B518
paper_walkthrough_persist,520,167548,non_rpa,,non_rpa,0,-73.02,8,
paper_walkthrough_persist,521,167866,attack,,rpa,520,-70.9,30,A520
paper_walkthrough_persist,522,168064,legit_bonded,dev_0005,rpa,1,-48.44,19,Ldev_0005:1
paper_walkthrough_persist,523,168334,attack,,rpa,525,-73.78,11,A525
paper_walkthrough_persist,524,168798,legit_bonded,dev_0001,rpa,1,-64.9,17,Ldev_0001:1
paper_walkthrough_persist,525,168874,attack,,rpa,524,-68.25,31,A524
paper_walkthrough_persist,526,169037,legit_bonded,dev_0006,rpa,1,-68.8,31,Ldev_0006:1
paper_walkthrough_persist,527,169159,attack,,rpa,530,-67.32,15,A530
paper_walkthrough_persist,528,169432,attack,,rpa,528,-61.53,27,A528
paper_walkthrough_persist,529,169493,attack,,rpa,527,-67.17,17,A527
paper_walkthrough_persist,530,169716,attack,,rpa,529,-73.52,29,A529
paper_walkthrough_persist,531,169847,non_rpa,,non_rpa,0,-66.44,15,
paper_walkthrough_persist,532,170128,legit_bonded,dev_0004,rpa,1,-57.96,20,Ldev_0004:1
paper_walkthrough_persist,533,170301,attack,,rpa,534,-84.26,30,A534
paper_walkthrough_persist,534,170342,background,,rpa,1,-88.71,16,B533
paper_walkthrough_persist,535,171542,attack,,rpa,536,-65.03,9,A536
paper_walkthrough_persist,536,171733,legit_bonded,dev_0003,rpa,1,-42.42,23,Ldev_0003:1
paper_walkthrough_persist,537,172520,attack,,rpa,538,-58.92,29,A538
paper_walkthrough_persist,538,172797,attack,,rpa,537,-70.62,11,A537
paper_walkthrough_persist,539,172877,non_rpa,,non_rpa,0,-67.81,14,
paper_walkthrough_persist,540,173987,attack,,rpa,540,-72.04,12,A540
paper_walkthrough_persist,541,174639,attack,,rpa,542,-69.0,19,A542
paper_walkthrough_persist,542,174927,attack,,rpa,541,-62.51,22,A541
paper_walkthrough_persist,543,175202,attack,,rpa,546,-65.14,9,A546
paper_walkthrough_persist,544,175377,attack,,rpa,543,-81.99,16,A543
paper_walkthrough_persist,545,175424,attack,,rpa,544,-80.2,14,A544
paper_walkthrough_persist,546,175685,attack,,rpa,545,-64.43,14,A545
paper_walkthrough_persist,547,176002,attack,,rpa,551,-61.4,22,A551
paper_walkthrough_persist,548,176241,background,,rpa,1,-81.0,15,B547
paper_walkthrough_persist,549,176606,attack,,rpa,550,-69.65,31,A550
paper_walkthrough_persist,550,176728,attack,,rpa,548,-65.38,28,A548
paper_walkthrough_persist,551,176991,attack,,rpa,549,-60.05,20,A549
paper_walkthrough_persist,552,177246,legit_bonded,dev_0000,rpa,1,-59.11,23,Ldev_0000:1
paper_walkthrough_persist,553,177357,attack,,rpa,554,-70.54,12,A554
paper_walkthrough_persist,554,177915,legit_bonded,dev_0002,rpa,1,-73.95,27,Ldev_0002:1
paper_walkthrough_persist,555,178481,attack,,rpa,555,-69.61,30,A555
paper_walkthrough_persist,556,178521,attack,,rpa,556,-74.77,28,A556
paper_walkthrough_persist,557,179040,non_rpa,,non_rpa,0,-76.56,30,
paper_walkthrough_persist,558,179270,attack,,rpa,560,-77.25,19,A560
paper_walkthrough_persist,559,179752,attack,,rpa,558,-75.11,13,A558
paper_walkthrough_persist,560,179798,attack,,rpa,559,-72.39,12,A559
paper_walkthrough_persist,561,179810,background,,rpa,1,-85.65,26,B557
