run_id,num_bonded,rl_capacity,attack_rpa_rate_per_min,seed,method,aes_attempts_total,aes_attempts_per_legit_resolved,legit_resolution_rate,p50_resolution_delay_ms,p95_resolution_delay_ms,p99_resolution_delay_ms,attack_aes_amplification,false_defer_legit_rate,estimated_energy_uJ,sram_bytes
w3_nb16_rl16_atk0_s20260530,16,16,0,20260530,FullScan-Host,46827,514.582418,1.0,0,0.0,0.0,0.0,0.0,5619.24,0
w3_nb16_rl16_atk0_s20260530,16,16,0,20260530,StaticRL,91,1.0,1.0,0,0.0,0.0,0.0,0.0,10.92,512
w3_nb16_rl16_atk0_s20260530,16,16,0,20260530,LRU-RL,91,1.0,1.0,0,0.0,0.0,0.0,0.0,10.92,512
w3_nb16_rl16_atk0_s20260530,16,16,0,20260530,Freq-RL,91,1.0,1.0,0,0.0,0.0,0.0,0.0,10.92,512
w3_nb16_rl16_atk0_s20260530,16,16,0,20260530,BudgetDoS,91,1.0,1.0,0,0.0,0.0,0.0,0.0,10.92,512
w3_nb16_rl16_atk0_s20260530,16,16,0,20260530,P3-NoPersist,8,0.087912,1.0,0,0.0,0.0,0.0,0.0,0.96,512
w3_nb16_rl16_atk100_s20260530,16,16,100,20260530,FullScan-Host,97347,983.30303,1.0,0,0.0,0.0,1630.504171,0.0,11681.64,0
w3_nb16_rl16_atk100_s20260530,16,16,100,20260530,StaticRL,99,1.0,1.0,0,0.0,0.0,0.0,0.0,11.88,512
w3_nb16_rl16_atk100_s20260530,16,16,100,20260530,LRU-RL,99,1.0,1.0,0,0.0,0.0,0.0,0.0,11.88,512
w3_nb16_rl16_atk100_s20260530,16,16,100,20260530,Freq-RL,99,1.0,1.0,0,0.0,0.0,0.0,0.0,11.88,512
w3_nb16_rl16_atk100_s20260530,16,16,100,20260530,BudgetDoS,99,1.0,1.0,0,0.0,0.0,0.0,0.0,11.88,512
w3_nb16_rl16_atk100_s20260530,16,16,100,20260530,P3-NoPersist,338,3.414141,1.0,0,0.0,0.0,9.833962,0.0,40.56,512
w3_nb16_rl16_atk1000_s20260530,16,16,1000,20260530,FullScan-Host,525445,5202.425743,1.0,0,0,0,15945.704495,0.0,63053.4,0
w3_nb16_rl16_atk1000_s20260530,16,16,1000,20260530,StaticRL,101,1.0,1.0,0,0,0,0.0,0.0,12.12,512
w3_nb16_rl16_atk1000_s20260530,16,16,1000,20260530,LRU-RL,101,1.0,1.0,0,0,0,0.0,0.0,12.12,512
w3_nb16_rl16_atk1000_s20260530,16,16,1000,20260530,Freq-RL,101,1.0,1.0,0,0,0,0.0,0.0,12.12,512
w3_nb16_rl16_atk1000_s20260530,16,16,1000,20260530,BudgetDoS,101,1.0,1.0,0,0,0,0.0,0.0,12.12,512
w3_nb16_rl16_atk1000_s20260530,16,16,1000,20260530,P3-NoPersist,332,3.287129,1.0,0,0,0,9.300372,0.0,39.84,512
w3_nb16_rl16_atk10000_s20260530,16,16,10000,20260530,FullScan-Host,4846668,63771.947368,1.0,0.0,0.0,0.0,159951.733253,0.0,581600.16,0
w3_nb16_rl16_atk10000_s20260530,16,16,10000,20260530,StaticRL,76,1.0,1.0,0.0,0.0,0.0,0.0,0.0,9.12,512
w3_nb16_rl16_atk10000_s20260530,16,16,10000,20260530,LRU-RL,76,1.0,1.0,0.0,0.0,0.0,0.0,0.0,9.12,512
w3_nb16_rl16_atk10000_s20260530,16,16,10000,20260530,Freq-RL,76,1.0,1.0,0.0,0.0,0.0,0.0,0.0,9.12,512
w3_nb16_rl16_atk10000_s20260530,16,16,10000,20260530,BudgetDoS,76,1.0,1.0,0.0,0.0,0.0,0.0,0.0,9.12,512
w3_nb16_rl16_atk10000_s20260530,16,16,10000,20260530,P3-NoPersist,300,3.947368,1.0,0.0,0.0,0.0,8.033347,0.0,36.0,512
w3_nb32_rl16_atk0_s20260530,32,16,0,20260530,FullScan-Host,97644,567.697674,1.0,0.0,0.0,0.0,0.0,0.0,11717.28,0
w3_nb32_rl16_atk0_s20260530,32,16,0,20260530,StaticRL,48908,284.348837,1.0,0.0,0.0,0.0,0.0,0.0,5868.96,512
w3_nb32_rl16_atk0_s20260530,32,16,0,20260530,LRU-RL,48908,284.348837,1.0,0.0,0.0,0.0,0.0,0.0,5868.96,512
w3_nb32_rl16_atk0_s20260530,32,16,0,20260530,Freq-RL,48908,284.348837,1.0,0.0,0.0,0.0,0.0,0.0,5868.96,512
w3_nb32_rl16_atk0_s20260530,32,16,0,20260530,BudgetDoS,46348,269.465116,1.0,0.0,0.0,0.0,0.0,0.0,5561.76,512
w3_nb32_rl16_atk0_s20260530,32,16,0,20260530,P3-NoPersist,28,0.162791,1.0,0.0,0.0,0.0,0.0,0.0,3.36,512
w3_nb32_rl16_atk100_s20260530,32,16,100,20260530,FullScan-Host,193008,1096.636364,1.0,0.0,0.0,0.0,3209.856789,0.0,23160.96,0
w3_nb32_rl16_atk100_s20260530,32,16,100,20260530,StaticRL,96592,548.818182,1.0,0.0,0.0,0.0,1604.928394,0.0,11591.04,512
w3_nb32_rl16_atk100_s20260530,32,16,100,20260530,LRU-RL,96592,548.818182,1.0,0.0,0.0,0.0,1604.928394,0.0,11591.04,512
w3_nb32_rl16_atk100_s20260530,32,16,100,20260530,Freq-RL,96592,548.818182,1.0,0.0,0.0,0.0,1604.928394,0.0,11591.04,512
w3_nb32_rl16_atk100_s20260530,32,16,100,20260530,BudgetDoS,48176,273.727273,1.0,0.0,0.0,0.0,771.261701,0.0,5781.12,512
w3_nb32_rl16_atk100_s20260530,32,16,100,20260530,P3-NoPersist,43901,249.4375,1.0,0.0,0.0,0.0,1459.850121,0.0,5268.12,512
w3_nb32_rl16_atk1000_s20260530,32,16,1000,20260530,FullScan-Host,1050754,5416.257732,1.0,0.0,0.0,0.0,31790.950995,0.0,126090.48,0
w3_nb32_rl16_atk1000_s20260530,32,16,1000,20260530,StaticRL,525474,2708.628866,1.0,0.0,0.0,0.0,15895.475497,0.0,63056.88,512
w3_nb32_rl16_atk1000_s20260530,32,16,1000,20260530,LRU-RL,525474,2708.628866,1.0,0.0,0.0,0.0,15895.475497,0.0,63056.88,512
w3_nb32_rl16_atk1000_s20260530,32,16,1000,20260530,Freq-RL,525474,2708.628866,1.0,0.0,0.0,0.0,15895.475497,0.0,63056.88,512
w3_nb32_rl16_atk1000_s20260530,32,16,1000,20260530,BudgetDoS,48194,248.42268,1.0,0.0,0.0,0.0,1463.46748,0.0,5783.28,512
w3_nb32_rl16_atk1000_s20260530,32,16,1000,20260530,P3-NoPersist,45768,235.917526,1.0,0.0,0.0,0.0,1521.600845,0.0,5492.16,512
w3_nb32_rl16_atk10000_s20260530,32,16,10000,20260530,FullScan-Host,9694022,58397.722892,1.0,0.0,0.0,0.0,319927.466667,0.0,1163282.64,0
w3_nb32_rl16_atk10000_s20260530,32,16,10000,20260530,StaticRL,4847094,29199.361446,1.0,0.0,0.0,0.0,159963.733333,0.0,581651.28,512
w3_nb32_rl16_atk10000_s20260530,32,16,10000,20260530,LRU-RL,4847094,29199.361446,1.0,0.0,0.0,0.0,159963.733333,0.0,581651.28,512
w3_nb32_rl16_atk10000_s20260530,32,16,10000,20260530,Freq-RL,4847094,29199.361446,1.0,0.0,0.0,0.0,159963.733333,0.0,581651.28,512
w3_nb32_rl16_atk10000_s20260530,32,16,10000,20260530,BudgetDoS,48166,290.156627,1.0,0.0,0.0,0.0,1581.866667,0.0,5779.92,512
w3_nb32_rl16_atk10000_s20260530,32,16,10000,20260530,P3-NoPersist,45828,276.072289,1.0,0.0,0.0,0.0,1520.533333,0.0,5499.36,512
w3_nb64_rl16_atk0_s20260530,64,16,0,20260530,FullScan-Host,194574,488.879397,1.0,0.0,0.0,0.0,0.0,0.0,23348.88,0
w3_nb64_rl16_atk0_s20260530,64,16,0,20260530,StaticRL,146030,366.909548,1.0,0.0,0.0,0.0,0.0,0.0,17523.6,512
w3_nb64_rl16_atk0_s20260530,64,16,0,20260530,LRU-RL,146030,366.909548,1.0,0.0,0.0,0.0,0.0,0.0,17523.6,512
w3_nb64_rl16_atk0_s20260530,64,16,0,20260530,Freq-RL,146030,366.909548,1.0,0.0,0.0,0.0,0.0,0.0,17523.6,512
w3_nb64_rl16_atk0_s20260530,64,16,0,20260530,BudgetDoS,140366,352.678392,1.0,0.0,0.0,0.0,0.0,0.0,16843.92,512
w3_nb64_rl16_atk0_s20260530,64,16,0,20260530,P3-NoPersist,74,0.18593,1.0,0.0,0.0,0.0,0.0,0.0,8.88,512
w3_nb64_rl16_atk100_s20260530,64,16,100,20260530,FullScan-Host,382721,994.080519,1.0,0,0.0,0.0,6454.531007,0.0,45926.52,0
w3_nb64_rl16_atk100_s20260530,64,16,100,20260530,StaticRL,287137,745.81039,1.0,0,0.0,0.0,4840.898256,0.0,34456.44,512
w3_nb64_rl16_atk100_s20260530,64,16,100,20260530,LRU-RL,287137,745.81039,1.0,0,0.0,0.0,4840.898256,0.0,34456.44,512
w3_nb64_rl16_atk100_s20260530,64,16,100,20260530,Freq-RL,287137,745.81039,1.0,0,0.0,0.0,4840.898256,0.0,34456.44,512
w3_nb64_rl16_atk100_s20260530,64,16,100,20260530,BudgetDoS,144385,375.025974,1.0,0,0.0,0.0,2442.053137,0.0,17326.2,512
w3_nb64_rl16_atk100_s20260530,64,16,100,20260530,P3-NoPersist,133168,345.890909,1.0,0,0.0,0.0,4432.822535,0.0,15980.16,512
w3_nb64_rl16_atk1000_s20260530,64,16,1000,20260530,FullScan-Host,2100571,5110.878345,1.0,0,0.0,0.0,63624.533333,0.0,252068.52,0
w3_nb64_rl16_atk1000_s20260530,64,16,1000,20260530,StaticRL,1575531,3833.408759,1.0,0,0.0,0.0,47718.4,0.0,189063.72,512
w3_nb64_rl16_atk1000_s20260530,64,16,1000,20260530,LRU-RL,1575531,3833.408759,1.0,0,0.0,0.0,47718.4,0.0,189063.72,512
w3_nb64_rl16_atk1000_s20260530,64,16,1000,20260530,Freq-RL,1575531,3833.408759,1.0,0,0.0,0.0,47718.4,0.0,189063.72,512
w3_nb64_rl16_atk1000_s20260530,64,16,1000,20260530,BudgetDoS,144411,351.364964,1.0,0,0.0,0.0,4360.0,0.0,17329.32,512
w3_nb64_rl16_atk1000_s20260530,64,16,1000,20260530,P3-NoPersist,137951,335.647202,1.0,0,0.0,0.0,4589.6,0.0,16554.12,512
w3_nb64_rl16_atk10000_s20260530,64,16,10000,20260530,FullScan-Host,19334668,48824.919192,1.0,0.0,0.0,0.0,638075.733333,0.0,2320160.16,0
w3_nb64_rl16_atk10000_s20260530,64,16,10000,20260530,StaticRL,14501100,36618.939394,1.0,0.0,0.0,0.0,478556.8,0.0,1740132.0,512
w3_nb64_rl16_atk10000_s20260530,64,16,10000,20260530,LRU-RL,14501100,36618.939394,1.0,0.0,0.0,0.0,478556.8,0.0,1740132.0,512
w3_nb64_rl16_atk10000_s20260530,64,16,10000,20260530,Freq-RL,14501100,36618.939394,1.0,0.0,0.0,0.0,478556.8,0.0,1740132.0,512
w3_nb64_rl16_atk10000_s20260530,64,16,10000,20260530,BudgetDoS,144396,364.636364,1.0,0.0,0.0,0.0,4772.8,0.0,17327.52,512
w3_nb64_rl16_atk10000_s20260530,64,16,10000,20260530,P3-NoPersist,137156,346.353535,1.0,0.0,0.0,0.0,4552.8,0.0,16458.72,512
w3_nb128_rl16_atk0_s20260530,128,16,0,20260530,FullScan-Host,397777,493.519851,1.0,0.0,0.0,0.0,0.0,0.0,47733.24,0
w3_nb128_rl16_atk0_s20260530,128,16,0,20260530,StaticRL,348145,431.941687,1.0,0.0,0.0,0.0,0.0,0.0,41777.4,512
w3_nb128_rl16_atk0_s20260530,128,16,0,20260530,LRU-RL,352807,437.725806,1.0,0.0,0.0,0.0,0.0,0.0,42336.84,512
w3_nb128_rl16_atk0_s20260530,128,16,0,20260530,Freq-RL,350032,434.282878,1.0,0.0,0.0,0.0,0.0,0.0,42003.84,512
w3_nb128_rl16_atk0_s20260530,128,16,0,20260530,BudgetDoS,334912,415.523573,1.0,0.0,0.0,0.0,0.0,0.0,40189.44,512
w3_nb128_rl16_atk0_s20260530,128,16,0,20260530,P3-NoPersist,3936,4.883375,1.0,0.0,0.0,0.0,0.0,0.0,472.32,512
w3_nb128_rl16_atk100_s20260530,128,16,100,20260530,FullScan-Host,785735,995.86185,1.0,0,0.0,0.0,12819.402647,0.0,94288.2,0
w3_nb128_rl16_atk100_s20260530,128,16,100,20260530,StaticRL,687607,871.491762,1.0,0,0.0,0.0,11216.977316,0.0,82512.84,512
w3_nb128_rl16_atk100_s20260530,128,16,100,20260530,LRU-RL,690604,875.290241,1.0,0,0.0,0.0,11216.977316,0.0,82872.48,512
w3_nb128_rl16_atk100_s20260530,128,16,100,20260530,Freq-RL,687940,871.913815,1.0,0,0.0,0.0,11216.977316,0.0,82552.8,512
w3_nb128_rl16_atk100_s20260530,128,16,100,20260530,BudgetDoS,345780,438.250951,1.0,0,0.0,0.0,5526.340355,0.0,41493.6,512
w3_nb128_rl16_atk100_s20260530,128,16,100,20260530,P3-NoPersist,315986,400.489227,1.0,0,0.0,0.0,10249.867754,0.0,37918.32,512
w3_nb128_rl16_atk1000_s20260530,128,16,1000,20260530,FullScan-Host,4236069,5625.589641,1.0,0,0.0,0.0,128262.689406,0.0,508328.28,0
w3_nb128_rl16_atk1000_s20260530,128,16,1000,20260530,StaticRL,3706645,4922.50332,1.0,0,0.0,0.0,112229.853231,0.0,444797.4,512
w3_nb128_rl16_atk1000_s20260530,128,16,1000,20260530,LRU-RL,3710308,4927.367862,1.0,0,0.0,0.0,112229.853231,0.0,445236.96,512
w3_nb128_rl16_atk1000_s20260530,128,16,1000,20260530,Freq-RL,3708865,4925.451527,1.0,0,0.0,0.0,112229.853231,0.0,445063.8,512
w3_nb128_rl16_atk1000_s20260530,128,16,1000,20260530,BudgetDoS,347409,461.366534,1.0,0,0.0,0.0,10166.058692,0.0,41689.08,512
w3_nb128_rl16_atk1000_s20260530,128,16,1000,20260530,P3-NoPersist,329972,438.209827,1.0,0,0.0,0.0,10688.735232,0.0,39596.64,512
w3_nb128_rl16_atk10000_s20260530,128,16,10000,20260530,FullScan-Host,38874314,49207.992405,1.0,0.0,0.0,0.0,1282826.671378,0.0,4664917.68,0
w3_nb128_rl16_atk10000_s20260530,128,16,10000,20260530,StaticRL,34015114,43057.106329,1.0,0.0,0.0,0.0,1122473.337456,0.0,4081813.68,512
w3_nb128_rl16_atk10000_s20260530,128,16,10000,20260530,LRU-RL,34019332,43062.44557,1.0,0.0,0.0,0.0,1122473.337456,0.0,4082319.84,512
w3_nb128_rl16_atk10000_s20260530,128,16,10000,20260530,Freq-RL,34015669,43057.808861,1.0,0.0,0.0,0.0,1122473.337456,0.0,4081880.28,512
w3_nb128_rl16_atk10000_s20260530,128,16,10000,20260530,BudgetDoS,345781,437.697468,1.0,0.0,0.0,0.0,11091.75182,0.0,41493.72,512
w3_nb128_rl16_atk10000_s20260530,128,16,10000,20260530,P3-NoPersist,328485,415.803797,1.0,0.0,0.0,0.0,10647.484412,0.0,39418.2,512
w3_nb256_rl16_atk0_s20260530,256,16,0,20260530,FullScan-Host,860125,549.249681,1.0,0.0,0.0,0.0,0.0,0.0,103215.0,0
w3_nb256_rl16_atk0_s20260530,256,16,0,20260530,StaticRL,806445,514.971264,1.0,0.0,0.0,0.0,0.0,0.0,96773.4,512
w3_nb256_rl16_atk0_s20260530,256,16,0,20260530,LRU-RL,842773,538.169221,1.0,0.0,0.0,0.0,0.0,0.0,101132.76,512
w3_nb256_rl16_atk0_s20260530,256,16,0,20260530,Freq-RL,811464,518.176245,1.0,0.0,0.0,0.0,0.0,0.0,97375.68,512
w3_nb256_rl16_atk0_s20260530,256,16,0,20260530,BudgetDoS,782904,499.938697,1.0,0.0,0.0,0.0,0.0,0.0,93948.48,512
w3_nb256_rl16_atk0_s20260530,256,16,0,20260530,P3-NoPersist,20892,13.340996,1.0,0.0,0.0,0.0,0.0,0.0,2507.04,512
w3_nb256_rl16_atk100_s20260530,256,16,100,20260530,FullScan-Host,1626271,1098.089804,1.0,0,0,0.0,26107.020122,0.0,195152.52,0
w3_nb256_rl16_atk100_s20260530,256,16,100,20260530,StaticRL,1524703,1029.509115,1.0,0,0,0.0,24475.331365,0.0,182964.36,512
w3_nb256_rl16_atk100_s20260530,256,16,100,20260530,LRU-RL,1555295,1050.165429,1.0,0,0,0.0,24475.331365,0.0,186635.4,512
w3_nb256_rl16_atk100_s20260530,256,16,100,20260530,Freq-RL,1535697,1036.932478,1.0,0,0,0.0,24475.331365,0.0,184283.64,512
w3_nb256_rl16_atk100_s20260530,256,16,100,20260530,BudgetDoS,803697,542.671843,1.0,0,0,0.0,12065.642268,0.0,96443.64,512
w3_nb256_rl16_atk100_s20260530,256,16,100,20260530,P3-NoPersist,735478,496.609048,1.0,0,0,0.0,22311.03678,0.0,88257.36,512
w3_nb256_rl16_atk1000_s20260530,256,16,1000,20260530,FullScan-Host,8466838,5640.798135,1.0,0,0,0,253448.533333,0.0,1016020.56,0
w3_nb256_rl16_atk1000_s20260530,256,16,1000,20260530,StaticRL,7937734,5288.297135,1.0,0,0,0,237608.0,0.0,952528.08,512
w3_nb256_rl16_atk1000_s20260530,256,16,1000,20260530,LRU-RL,7970477,5310.111259,1.0,0,0,0,237608.0,0.0,956457.24,512
w3_nb256_rl16_atk1000_s20260530,256,16,1000,20260530,Freq-RL,7944426,5292.755496,1.0,0,0,0,237608.0,0.0,953331.12,512
w3_nb256_rl16_atk1000_s20260530,256,16,1000,20260530,BudgetDoS,806346,537.205863,1.0,0,0,0,21744.0,0.0,96761.52,512
w3_nb256_rl16_atk1000_s20260530,256,16,1000,20260530,P3-NoPersist,759065,505.706196,1.0,0,0,0,22920.0,0.0,91087.8,512
w3_nb256_rl16_atk10000_s20260530,256,16,10000,20260530,FullScan-Host,77606816,51565.990698,1.0,0,0.0,0.0,2559220.615294,0.0,9312817.92,0
w3_nb256_rl16_atk10000_s20260530,256,16,10000,20260530,StaticRL,72756464,48343.165449,1.0,0,0.0,0.0,2399269.326838,0.0,8730775.68,512
w3_nb256_rl16_atk10000_s20260530,256,16,10000,20260530,LRU-RL,72793031,48367.462458,1.0,0,0.0,0.0,2399269.326838,0.0,8735163.72,512
w3_nb256_rl16_atk10000_s20260530,256,16,10000,20260530,Freq-RL,72761961,48346.81794,1.0,0,0.0,0.0,2399269.326838,0.0,8731435.32,512
w3_nb256_rl16_atk10000_s20260530,256,16,10000,20260530,BudgetDoS,803721,534.033887,1.0,0,0.0,0.0,23752.211131,0.0,96446.52,512
w3_nb256_rl16_atk10000_s20260530,256,16,10000,20260530,P3-NoPersist,755613,502.068439,1.0,0,0.0,0.0,22820.202846,0.0,90673.56,512
w3_nb512_rl16_atk0_s20260530,512,16,0,20260530,FullScan-Host,2043448,685.031177,1.0,0,0.0,0.0,0.0,0.0,245213.76,0
w3_nb512_rl16_atk0_s20260530,512,16,0,20260530,StaticRL,1979656,663.645994,1.0,0,0.0,0.0,0.0,0.0,237558.72,512
w3_nb512_rl16_atk0_s20260530,512,16,0,20260530,LRU-RL,2163796,725.375796,1.0,0,0.0,0.0,0.0,0.0,259655.52,512
w3_nb512_rl16_atk0_s20260530,512,16,0,20260530,Freq-RL,1994506,668.624204,1.0,0,0.0,0.0,0.0,0.0,239340.72,512
w3_nb512_rl16_atk0_s20260530,512,16,0,20260530,BudgetDoS,1896298,635.701643,1.0,0,0.0,0.0,0.0,0.0,227555.76,512
w3_nb512_rl16_atk0_s20260530,512,16,0,20260530,P3-NoPersist,154537,51.8059,1.0,0,0.0,0.0,0.0,0.0,18544.44,512
w3_nb512_rl16_atk100_s20260530,512,16,100,20260530,FullScan-Host,3516505,1161.712917,1.0,0,0.0,0.0,50814.10073,0.0,421980.6,0
w3_nb512_rl16_atk100_s20260530,512,16,100,20260530,StaticRL,3406681,1125.43145,1.0,0,0.0,0.0,49226.160082,0.0,408801.72,512
w3_nb512_rl16_atk100_s20260530,512,16,100,20260530,LRU-RL,3580921,1182.993393,1.0,0,0.0,0.0,49226.160082,0.0,429710.52,512
w3_nb512_rl16_atk100_s20260530,512,16,100,20260530,Freq-RL,3426481,1131.97258,1.0,0,0.0,0.0,49226.160082,0.0,411177.72,512
w3_nb512_rl16_atk100_s20260530,512,16,100,20260530,BudgetDoS,1951377,644.657086,1.0,0,0.0,0.0,25448.122394,0.0,234165.24,512
w3_nb512_rl16_atk100_s20260530,512,16,100,20260530,P3-NoPersist,1732087,572.212422,1.0,0,0.0,0.0,45538.745336,0.0,207850.44,512
w3_nb512_rl16_atk1000_s20260530,512,16,1000,20260530,FullScan-Host,17321108,5632.88065,1.0,0,0.0,0.0,510913.373928,0.0,2078532.96,0
w3_nb512_rl16_atk1000_s20260530,512,16,1000,20260530,StaticRL,16779892,5456.875447,1.0,0,0.0,0.0,494947.330992,0.0,2013587.04,512
w3_nb512_rl16_atk1000_s20260530,512,16,1000,20260530,LRU-RL,16977397,5521.104715,1.0,0,0.0,0.0,494947.330992,0.0,2037287.64,512
w3_nb512_rl16_atk1000_s20260530,512,16,1000,20260530,Freq-RL,16800682,5463.636423,1.0,0,0.0,0.0,494947.330992,0.0,2016081.84,512
w3_nb512_rl16_atk1000_s20260530,512,16,1000,20260530,BudgetDoS,1946970,633.160976,1.0,0,0.0,0.0,44807.32477,0.0,233636.4,512
w3_nb512_rl16_atk1000_s20260530,512,16,1000,20260530,P3-NoPersist,1779018,578.542439,1.0,0,0.0,0.0,46965.020668,0.0,213482.16,512
w3_nb512_rl16_atk10000_s20260530,512,16,10000,20260530,FullScan-Host,155710617,50294.126938,1.0,0.0,0.0,0.0,5122628.266667,0.0,18685274.04,0
w3_nb512_rl16_atk10000_s20260530,512,16,10000,20260530,StaticRL,150844729,48722.457687,1.0,0.0,0.0,0.0,4962546.133333,0.0,18101367.48,512
w3_nb512_rl16_atk10000_s20260530,512,16,10000,20260530,LRU-RL,151029859,48782.254199,1.0,0.0,0.0,0.0,4962546.133333,0.0,18123583.08,512
w3_nb512_rl16_atk10000_s20260530,512,16,10000,20260530,Freq-RL,150866014,48729.332687,1.0,0.0,0.0,0.0,4962546.133333,0.0,18103921.68,512
w3_nb512_rl16_atk10000_s20260530,512,16,10000,20260530,BudgetDoS,1955406,631.591085,1.0,0.0,0.0,0.0,49120.533333,0.0,234648.72,512
w3_nb512_rl16_atk10000_s20260530,512,16,10000,20260530,P3-NoPersist,1787951,577.503553,1.0,0.0,0.0,0.0,47012.533333,0.0,214554.12,512
w3_nb128_rl8_atk0_s20260530,128,8,0,20260530,FullScan-Host,414668,514.476427,1.0,0.0,0.0,0.0,0.0,0.0,49760.16,0
w3_nb128_rl8_atk0_s20260530,128,8,0,20260530,StaticRL,388788,482.367246,1.0,0.0,0.0,0.0,0.0,0.0,46654.56,512
w3_nb128_rl8_atk0_s20260530,128,8,0,20260530,LRU-RL,399022,495.064516,1.0,0.0,0.0,0.0,0.0,0.0,47882.64,512
w3_nb128_rl8_atk0_s20260530,128,8,0,20260530,Freq-RL,391287,485.467742,1.0,0.0,0.0,0.0,0.0,0.0,46954.44,512
w3_nb128_rl8_atk0_s20260530,128,8,0,20260530,BudgetDoS,375087,465.368486,1.0,0.0,0.0,0.0,0.0,0.0,45010.44,512
w3_nb128_rl8_atk0_s20260530,128,8,0,20260530,P3-NoPersist,5525,6.854839,1.0,0.0,0.0,0.0,0.0,0.0,663.0,512
w3_nb128_rl8_atk100_s20260530,128,8,100,20260530,FullScan-Host,799197,1012.923954,1.0,0,0.0,0.0,12819.402647,0.0,95903.64,0
w3_nb128_rl8_atk100_s20260530,128,8,100,20260530,StaticRL,749285,949.664132,1.0,0,0.0,0.0,12018.189981,0.0,89914.2,512
w3_nb128_rl8_atk100_s20260530,128,8,100,20260530,LRU-RL,760590,963.992395,1.0,0,0.0,0.0,12018.189981,0.0,91270.8,512
w3_nb128_rl8_atk100_s20260530,128,8,100,20260530,Freq-RL,750713,951.474018,1.0,0,0.0,0.0,12018.189981,0.0,90085.56,512
w3_nb128_rl8_atk100_s20260530,128,8,100,20260530,BudgetDoS,384113,486.835234,1.0,0,0.0,0.0,5921.078952,0.0,46093.56,512
w3_nb128_rl8_atk100_s20260530,128,8,100,20260530,P3-NoPersist,348178,441.290241,1.0,0,0.0,0.0,10982.001165,0.0,41781.36,512
w3_nb128_rl8_atk1000_s20260530,128,8,1000,20260530,FullScan-Host,4250293,5644.479416,1.0,0,0.0,0.0,128262.689406,0.0,510035.16,0
w3_nb128_rl8_atk1000_s20260530,128,8,1000,20260530,StaticRL,3984685,5291.746348,1.0,0,0.0,0.0,120246.271318,0.0,478162.2,512
w3_nb128_rl8_atk1000_s20260530,128,8,1000,20260530,LRU-RL,3994205,5304.38911,1.0,0,0.0,0.0,120246.271318,0.0,479304.6,512
w3_nb128_rl8_atk1000_s20260530,128,8,1000,20260530,Freq-RL,3985637,5293.010624,1.0,0,0.0,0.0,120246.271318,0.0,478276.44,512
w3_nb128_rl8_atk1000_s20260530,128,8,1000,20260530,BudgetDoS,384077,510.062417,1.0,0,0.0,0.0,10892.205742,0.0,46089.24,512
w3_nb128_rl8_atk1000_s20260530,128,8,1000,20260530,P3-NoPersist,362505,481.414343,1.0,0,0.0,0.0,11452.21632,0.0,43500.6,512
w3_nb128_rl8_atk10000_s20260530,128,8,10000,20260530,FullScan-Host,38891078,49229.212658,1.0,0.0,0.0,0.0,1282826.671378,0.0,4666929.36,0
w3_nb128_rl8_atk10000_s20260530,128,8,10000,20260530,StaticRL,36460422,46152.432911,1.0,0.0,0.0,0.0,1202650.004417,0.0,4375250.64,512
w3_nb128_rl8_atk10000_s20260530,128,8,10000,20260530,LRU-RL,36469228,46163.579747,1.0,0.0,0.0,0.0,1202650.004417,0.0,4376307.36,512
w3_nb128_rl8_atk10000_s20260530,128,8,10000,20260530,Freq-RL,36461493,46153.788608,1.0,0.0,0.0,0.0,1202650.004417,0.0,4375379.16,512
w3_nb128_rl8_atk10000_s20260530,128,8,10000,20260530,BudgetDoS,386613,489.383544,1.0,0.0,0.0,0.0,11884.019807,0.0,46393.56,512
w3_nb128_rl8_atk10000_s20260530,128,8,10000,20260530,P3-NoPersist,364595,461.512658,1.0,0.0,0.0,0.0,11408.019013,0.0,43751.4,512
w3_nb128_rl32_atk0_s20260530,128,32,0,20260530,FullScan-Host,386982,480.126551,1.0,0.0,0.0,0.0,0.0,0.0,46437.84,0
w3_nb128_rl32_atk0_s20260530,128,32,0,20260530,StaticRL,290438,360.344913,1.0,0.0,0.0,0.0,0.0,0.0,34852.56,512
w3_nb128_rl32_atk0_s20260530,128,32,0,20260530,LRU-RL,290438,360.344913,1.0,0.0,0.0,0.0,0.0,0.0,34852.56,512
w3_nb128_rl32_atk0_s20260530,128,32,0,20260530,Freq-RL,290438,360.344913,1.0,0.0,0.0,0.0,0.0,0.0,34852.56,512
w3_nb128_rl32_atk0_s20260530,128,32,0,20260530,BudgetDoS,277478,344.265509,1.0,0.0,0.0,0.0,0.0,0.0,33297.36,512
w3_nb128_rl32_atk0_s20260530,128,32,0,20260530,P3-NoPersist,147,0.182382,1.0,0.0,0.0,0.0,0.0,0.0,17.64,512
w3_nb128_rl32_atk100_s20260530,128,32,100,20260530,FullScan-Host,775829,983.306717,1.0,0,0.0,0.0,12819.402647,0.0,93099.48,0
w3_nb128_rl32_atk100_s20260530,128,32,100,20260530,StaticRL,582069,737.730038,1.0,0,0.0,0.0,9614.551985,0.0,69848.28,512
w3_nb128_rl32_atk100_s20260530,128,32,100,20260530,LRU-RL,582069,737.730038,1.0,0,0.0,0.0,9614.551985,0.0,69848.28,512
w3_nb128_rl32_atk100_s20260530,128,32,100,20260530,Freq-RL,582069,737.730038,1.0,0,0.0,0.0,9614.551985,0.0,69848.28,512
w3_nb128_rl32_atk100_s20260530,128,32,100,20260530,BudgetDoS,288789,366.019011,1.0,0,0.0,0.0,4736.863162,0.0,34654.68,512
w3_nb128_rl32_atk100_s20260530,128,32,100,20260530,P3-NoPersist,263894,334.466413,1.0,0,0.0,0.0,8785.600932,0.0,31667.28,512
w3_nb128_rl32_atk1000_s20260530,128,32,1000,20260530,FullScan-Host,4226417,5612.77158,1.0,0,0.0,0.0,128262.689406,0.0,507170.04,0
w3_nb128_rl32_atk1000_s20260530,128,32,1000,20260530,StaticRL,3170001,4209.828685,1.0,0,0.0,0.0,96197.017055,0.0,380400.12,512
w3_nb128_rl32_atk1000_s20260530,128,32,1000,20260530,LRU-RL,3170001,4209.828685,1.0,0,0.0,0.0,96197.017055,0.0,380400.12,512
w3_nb128_rl32_atk1000_s20260530,128,32,1000,20260530,Freq-RL,3170001,4209.828685,1.0,0,0.0,0.0,96197.017055,0.0,380400.12,512
w3_nb128_rl32_atk1000_s20260530,128,32,1000,20260530,BudgetDoS,288753,383.47012,1.0,0,0.0,0.0,8713.764593,0.0,34650.36,512
w3_nb128_rl32_atk1000_s20260530,128,32,1000,20260530,P3-NoPersist,275365,365.690571,1.0,0,0.0,0.0,9161.773056,0.0,33043.8,512
w3_nb128_rl32_atk10000_s20260530,128,32,10000,20260530,FullScan-Host,38864662,49195.774684,1.0,0.0,0.0,0.0,1282826.671378,0.0,4663759.44,0
w3_nb128_rl32_atk10000_s20260530,128,32,10000,20260530,StaticRL,29148694,36897.081013,1.0,0.0,0.0,0.0,962120.003533,0.0,3497843.28,512
w3_nb128_rl32_atk10000_s20260530,128,32,10000,20260530,LRU-RL,29148694,36897.081013,1.0,0.0,0.0,0.0,962120.003533,0.0,3497843.28,512
w3_nb128_rl32_atk10000_s20260530,128,32,10000,20260530,Freq-RL,29148694,36897.081013,1.0,0.0,0.0,0.0,962120.003533,0.0,3497843.28,512
w3_nb128_rl32_atk10000_s20260530,128,32,10000,20260530,BudgetDoS,288790,365.556962,1.0,0.0,0.0,0.0,9507.215845,0.0,34654.8,512
w3_nb128_rl32_atk10000_s20260530,128,32,10000,20260530,P3-NoPersist,275045,348.158228,1.0,0.0,0.0,0.0,9126.415211,0.0,33005.4,512
w3_nb128_rl16_atk1000_s20260531,128,16,1000,20260531,FullScan-Host,4201591,4990.013064,1.0,0.0,0.0,0.0,127147.867508,0.0,504190.92,0
w3_nb128_rl16_atk1000_s20260531,128,16,1000,20260531,StaticRL,3676487,4366.374109,1.0,0.0,0.0,0.0,111254.384069,0.0,441178.44,512
w3_nb128_rl16_atk1000_s20260531,128,16,1000,20260531,LRU-RL,3680372,4370.988124,1.0,0.0,0.0,0.0,111254.384069,0.0,441644.64,512
w3_nb128_rl16_atk1000_s20260531,128,16,1000,20260531,Freq-RL,3678485,4368.747031,1.0,0.0,0.0,0.0,111254.384069,0.0,441418.2,512
w3_nb128_rl16_atk1000_s20260531,128,16,1000,20260531,BudgetDoS,348053,413.364608,1.0,0.0,0.0,0.0,10214.49647,0.0,41766.36,512
w3_nb128_rl16_atk1000_s20260531,128,16,1000,20260531,P3-NoPersist,331445,393.640143,1.0,0.0,0.0,0.0,10679.30086,0.0,39773.4,512
