suite,m8_experiment,m8_scenario,run_id,duration_s,num_bonded,rl_capacity,background_rpa_rate_per_min,attack_rpa_rate_per_min,unique_attack_rpa,duplicate_filter_window_s,persist_reserve,persist_k,seed,method,summary_warmup_applied,summary_warmup_s,summary_measurement_s,aes_attempts_total,aes_attempts_per_legit_resolved,legit_resolution_rate,p50_resolution_delay_ms,p95_resolution_delay_ms,p99_resolution_delay_ms,attack_aes_amplification,false_defer_legit_rate,reserve_grant_legit_count,reserve_grant_attack_count,duplicate_filter_legit_count,duplicate_filter_attack_count,cache_hit_legit_count,host_scan_legit_count,budget_skip_legit_count,budget_skip_attack_count,estimated_energy_uJ,sram_bytes
m8_algorithm_novelty,main,medium_flood,m8_main_medium_flood_s20260610,1800,512,8,100.0,1000.0,True,0,200,1,20260610,Random-RL,True,300,1500,14610839,5886.719984,1.0,0.0,0.0,0.0,502750.08,0.0,0,0,0,0,0,1595,0,0,1753300.68,4128
m8_algorithm_novelty,main,medium_flood,m8_main_medium_flood_s20260610,1800,512,8,100.0,1000.0,True,0,200,1,20260610,AdaptiveRateLimit,True,300,1500,1261463,808.630128,0.628525,0.0,0.0,0.0,44089.92,0.371475,0,0,0,0,0,97,922,22751,151375.56,64
m8_algorithm_novelty,main,medium_flood,m8_main_medium_flood_s20260610,1800,512,8,100.0,1000.0,True,0,200,1,20260610,BudgetDoS,True,300,1500,1261414,833.717118,0.609589,0,0.0,0.0,44049.6,0.390411,0,0,0,0,0,99,969,22753,151369.68,4192
m8_algorithm_novelty,main,medium_flood,m8_main_medium_flood_s20260610,1800,512,8,100.0,1000.0,True,0,200,1,20260610,P3-NoPersist,True,300,1500,1260004,682.559047,0.743755,0.0,0.0,0.0,44815.68,0.257454,0,0,0,0,1788,54,44,2060,151200.48,5232
m8_algorithm_novelty,main,medium_flood,m8_main_medium_flood_s20260610,1800,512,8,100.0,1000.0,True,0,200,1,20260610,P3-Persist,True,300,1500,1338128,563.659646,0.956487,0.0,0.0,0.0,45360.0,0.050766,155,0,0,0,2183,28,5,2058,160575.36,6832
m8_algorithm_novelty,main,medium_flood,m8_main_medium_flood_s20260610,1800,512,8,100.0,1000.0,True,0,200,1,20260610,Oracle-Offline,True,300,1500,2482,1.0,1.0,0.0,0.0,0.0,0.0,0.0,0,0,0,0,0,0,0,0,297.84,0
m8_algorithm_novelty,main,medium_flood,m8_main_medium_flood_s20260611,1800,512,8,100.0,1000.0,True,0,200,1,20260611,Random-RL,True,300,1500,14654702,5627.765745,1.0,0.0,0.0,0.0,500532.48,0.0,0,0,0,0,0,1702,0,0,1758564.24,4128
m8_algorithm_novelty,main,medium_flood,m8_main_medium_flood_s20260611,1800,512,8,100.0,1000.0,True,0,200,1,20260611,AdaptiveRateLimit,True,300,1500,1261449,820.187906,0.59063,0.0,0.0,0.0,43767.36,0.40937,0,0,0,0,0,89,1066,22657,151373.88,64
m8_algorithm_novelty,main,medium_flood,m8_main_medium_flood_s20260611,1800,512,8,100.0,1000.0,True,0,200,1,20260611,BudgetDoS,True,300,1500,1261290,902.85612,0.536482,0,0.0,0.0,43444.8,0.463518,0,0,0,0,0,107,1207,22673,151354.8,4192
m8_algorithm_novelty,main,medium_flood,m8_main_medium_flood_s20260611,1800,512,8,100.0,1000.0,True,0,200,1,20260611,P3-NoPersist,True,300,1500,1260003,652.513206,0.741551,0,0.0,0.0,44291.52,0.259985,0,0,0,0,1867,61,42,2056,151200.36,5232
m8_algorithm_novelty,main,medium_flood,m8_main_medium_flood_s20260611,1800,512,8,100.0,1000.0,True,0,200,1,20260611,P3-Persist,True,300,1500,1358794,546.578439,0.954685,0.0,0.0,0.0,44896.32,0.049923,196,0,0,0,2251,29,8,2056,163055.28,6832
m8_algorithm_novelty,main,medium_flood,m8_main_medium_flood_s20260611,1800,512,8,100.0,1000.0,True,0,200,1,20260611,Oracle-Offline,True,300,1500,2604,1.0,1.0,0.0,0.0,0.0,0.0,0.0,0,0,0,0,0,0,0,0,312.48,0
m8_algorithm_novelty,main,medium_flood,m8_main_medium_flood_s20260612,1800,512,8,100.0,1000.0,True,0,200,1,20260612,Random-RL,True,300,1500,14650230,5591.69084,1.0,0.0,0.0,0.0,503778.24,0.0,0,0,0,0,0,1654,0,0,1758027.6,4128
m8_algorithm_novelty,main,medium_flood,m8_main_medium_flood_s20260612,1800,512,8,100.0,1000.0,True,0,200,1,20260612,AdaptiveRateLimit,True,300,1500,1261541,770.642028,0.624809,0,0.0,0.0,44231.04,0.375191,0,0,0,0,0,96,983,22795,151384.92,64
m8_algorithm_novelty,main,medium_flood,m8_main_medium_flood_s20260612,1800,512,8,100.0,1000.0,True,0,200,1,20260612,BudgetDoS,True,300,1500,1261462,807.077415,0.596565,0,0.0,0.0,44130.24,0.403435,0,0,0,0,0,101,1057,22800,151375.44,4192
m8_algorithm_novelty,main,medium_flood,m8_main_medium_flood_s20260612,1800,512,8,100.0,1000.0,True,0,200,1,20260612,P3-NoPersist,True,300,1500,1260002,615.836755,0.780916,0.0,0.0,0.0,44674.56,0.220229,0,0,0,0,1972,72,30,2112,151200.24,5232
m8_algorithm_novelty,main,medium_flood,m8_main_medium_flood_s20260612,1800,512,8,100.0,1000.0,True,0,200,1,20260612,P3-Persist,True,300,1500,1338630,532.682053,0.95916,0,0.0,0.0,45178.56,0.046183,156,0,0,0,2309,42,8,2108,160635.6,6832
m8_algorithm_novelty,main,medium_flood,m8_main_medium_flood_s20260612,1800,512,8,100.0,1000.0,True,0,200,1,20260612,Oracle-Offline,True,300,1500,2620,1.0,1.0,0.0,0.0,0.0,0.0,0.0,0,0,0,0,0,0,0,0,314.4,0
m8_algorithm_novelty,main,medium_flood,m8_main_medium_flood_s20260613,1800,512,8,100.0,1000.0,True,0,200,1,20260613,Random-RL,True,300,1500,14834713,5585.35881,1.0,0.0,0.0,0.0,507568.32,0.0,0,0,0,0,0,1671,0,0,1780165.56,4128
m8_algorithm_novelty,main,medium_flood,m8_main_medium_flood_s20260613,1800,512,8,100.0,1000.0,True,0,200,1,20260613,AdaptiveRateLimit,True,300,1500,1261603,733.490116,0.64759,0.0,0.0,0.0,43787.52,0.35241,0,0,0,0,0,117,936,23005,151392.36,64
m8_algorithm_novelty,main,medium_flood,m8_main_medium_flood_s20260613,1800,512,8,100.0,1000.0,True,0,200,1,20260613,BudgetDoS,True,300,1500,1261471,788.419375,0.60241,0.0,0.0,0.0,43585.92,0.39759,0,0,0,0,0,129,1056,23015,151376.52,4192
m8_algorithm_novelty,main,medium_flood,m8_main_medium_flood_s20260613,1800,512,8,100.0,1000.0,True,0,200,1,20260613,P3-NoPersist,True,300,1500,1260003,597.440967,0.794051,0,0.0,0.0,44432.64,0.208584,0,0,0,0,2026,80,42,2093,151200.36,5232
m8_algorithm_novelty,main,medium_flood,m8_main_medium_flood_s20260613,1800,512,8,100.0,1000.0,True,0,200,1,20260613,P3-Persist,True,300,1500,1340147,524.519374,0.961973,0,0.0,0.0,45097.92,0.042545,159,0,0,0,2341,44,12,2090,160817.64,6832
m8_algorithm_novelty,main,medium_flood,m8_main_medium_flood_s20260613,1800,512,8,100.0,1000.0,True,0,200,1,20260613,Oracle-Offline,True,300,1500,2656,1.0,1.0,0.0,0.0,0.0,0.0,0.0,0,0,0,0,0,0,0,0,318.72,0
m8_algorithm_novelty,main,medium_flood,m8_main_medium_flood_s20260614,1800,512,8,100.0,1000.0,True,0,200,1,20260614,Random-RL,True,300,1500,14676371,5812.424158,1.0,0,0.0,0.0,506278.08,0.0,0,0,0,0,0,1626,0,0,1761164.52,4128
m8_algorithm_novelty,main,medium_flood,m8_main_medium_flood_s20260614,1800,512,8,100.0,1000.0,True,0,200,1,20260614,AdaptiveRateLimit,True,300,1500,1261493,797.403919,0.626535,0.0,0.0,0.0,44009.28,0.373465,0,0,0,0,0,89,943,22930,151379.16,64
m8_algorithm_novelty,main,medium_flood,m8_main_medium_flood_s20260614,1800,512,8,100.0,1000.0,True,0,200,1,20260614,BudgetDoS,True,300,1500,1261493,797.403919,0.626535,0.0,0.0,0.0,44009.28,0.373465,0,0,0,0,0,89,943,22930,151379.16,4192
m8_algorithm_novelty,main,medium_flood,m8_main_medium_flood_s20260614,1800,512,8,100.0,1000.0,True,0,200,1,20260614,P3-NoPersist,True,300,1500,1260005,647.484584,0.770693,0.0,0.0,0.0,44472.96,0.231287,0,0,0,0,1880,61,43,2082,151200.6,5232
m8_algorithm_novelty,main,medium_flood,m8_main_medium_flood_s20260614,1800,512,8,100.0,1000.0,True,0,200,1,20260614,P3-Persist,True,300,1500,1336116,550.294893,0.961584,0.0,0.0,0.0,45017.28,0.042376,151,0,0,0,2230,35,7,2078,160333.92,6832
m8_algorithm_novelty,main,medium_flood,m8_main_medium_flood_s20260614,1800,512,8,100.0,1000.0,True,0,200,1,20260614,Oracle-Offline,True,300,1500,2525,1.0,1.0,0,0.0,0.0,0.0,0.0,0,0,0,0,0,0,0,0,303.0,0
m8_algorithm_novelty,main,heavy_flood,m8_main_heavy_flood_s20260610,1800,512,8,1000.0,10000.0,True,0,200,1,20260610,Random-RL,True,300,1500,139177049,53798.627368,1.0,0,0.0,0.0,5033488.32,0.0,0,0,0,0,0,1610,0,0,16701245.88,4128
m8_algorithm_novelty,main,heavy_flood,m8_main_heavy_flood_s20260610,1800,512,8,1000.0,10000.0,True,0,200,1,20260610,AdaptiveRateLimit,True,300,1500,1261535,816.527508,0.597217,0,0.0,0.0,45339.84,0.402783,0,0,0,0,0,10,1042,247428,151384.2,64
m8_algorithm_novelty,main,heavy_flood,m8_main_heavy_flood_s20260610,1800,512,8,1000.0,10000.0,True,0,200,1,20260610,BudgetDoS,True,300,1500,1261535,816.527508,0.597217,0,0.0,0.0,45339.84,0.402783,0,0,0,0,0,10,1042,247428,151384.2,4192
m8_algorithm_novelty,main,heavy_flood,m8_main_heavy_flood_s20260610,1800,512,8,1000.0,10000.0,True,0,200,1,20260610,P3-NoPersist,True,300,1500,1260008,908.44124,0.536142,0,0.0,0.0,45319.68,0.464631,0,0,0,0,1368,11,62,22566,151200.96,5232
m8_algorithm_novelty,main,heavy_flood,m8_main_heavy_flood_s20260610,1800,512,8,1000.0,10000.0,True,0,200,1,20260610,P3-Persist,True,300,1500,1358795,550.342244,0.954387,0,0.0,0.0,45460.8,0.051797,196,0,0,0,2259,3,11,22566,163055.4,6832
m8_algorithm_novelty,main,heavy_flood,m8_main_heavy_flood_s20260610,1800,512,8,1000.0,10000.0,True,0,200,1,20260610,Oracle-Offline,True,300,1500,2587,1.0,1.0,0,0.0,0.0,0.0,0.0,0,0,0,0,0,0,0,0,310.44,0
m8_algorithm_novelty,main,heavy_flood,m8_main_heavy_flood_s20260611,1800,512,8,1000.0,10000.0,True,0,200,1,20260611,Random-RL,True,300,1500,139379656,54381.449863,1.0,0,0.0,0.0,5040120.96,0.0,0,0,0,0,0,1587,0,0,16725558.72,4128
m8_algorithm_novelty,main,heavy_flood,m8_main_heavy_flood_s20260611,1800,512,8,1000.0,10000.0,True,0,200,1,20260611,AdaptiveRateLimit,True,300,1500,1261536,816.0,0.603199,0.0,0.0,0.0,45339.84,0.396801,0,0,0,0,0,10,1017,247757,151384.32,64
m8_algorithm_novelty,main,heavy_flood,m8_main_heavy_flood_s20260611,1800,512,8,1000.0,10000.0,True,0,200,1,20260611,BudgetDoS,True,300,1500,1261536,816.0,0.603199,0.0,0.0,0.0,45339.84,0.396801,0,0,0,0,0,10,1017,247757,151384.32,4192
m8_algorithm_novelty,main,heavy_flood,m8_main_heavy_flood_s20260611,1800,512,8,1000.0,10000.0,True,0,200,1,20260611,P3-NoPersist,True,300,1500,1260008,800.513342,0.614124,0.0,0.0,0.0,45319.68,0.386266,0,0,0,0,1555,11,102,22459,151200.96,5232
m8_algorithm_novelty,main,heavy_flood,m8_main_heavy_flood_s20260611,1800,512,8,1000.0,10000.0,True,0,200,1,20260611,P3-Persist,True,300,1500,1353752,551.87607,0.957082,0,0.0,0.0,45480.96,0.050332,186,0,0,0,2256,3,8,22458,162450.24,6832
m8_algorithm_novelty,main,heavy_flood,m8_main_heavy_flood_s20260611,1800,512,8,1000.0,10000.0,True,0,200,1,20260611,Oracle-Offline,True,300,1500,2563,1.0,1.0,0,0.0,0.0,0.0,0.0,0,0,0,0,0,0,0,0,307.56,0
m8_algorithm_novelty,main,heavy_flood,m8_main_heavy_flood_s20260612,1800,512,8,1000.0,10000.0,True,0,200,1,20260612,Random-RL,True,300,1500,139207798,54124.338258,1.0,0.0,0.0,0.0,5033367.36,0.0,0,0,0,0,0,1590,0,0,16704935.76,4128
m8_algorithm_novelty,main,heavy_flood,m8_main_heavy_flood_s20260612,1800,512,8,1000.0,10000.0,True,0,200,1,20260612,AdaptiveRateLimit,True,300,1500,1261546,811.805663,0.604199,0.0,0.0,0.0,44976.96,0.395801,0,0,0,0,0,8,1018,247440,151385.52,64
m8_algorithm_novelty,main,heavy_flood,m8_main_heavy_flood_s20260612,1800,512,8,1000.0,10000.0,True,0,200,1,20260612,BudgetDoS,True,300,1500,1260938,1327.303158,0.369362,0.0,0.0,0.0,44896.32,0.630638,0,0,0,0,0,12,1622,247444,151312.56,4192
m8_algorithm_novelty,main,heavy_flood,m8_main_heavy_flood_s20260612,1800,512,8,1000.0,10000.0,True,0,200,1,20260612,P3-NoPersist,True,300,1500,1260008,923.759531,0.530327,0.0,0.0,0.0,44956.8,0.470062,0,0,0,0,1347,9,119,22514,151200.96,5232
m8_algorithm_novelty,main,heavy_flood,m8_main_heavy_flood_s20260612,1800,512,8,1000.0,10000.0,True,0,200,1,20260612,P3-Persist,True,300,1500,1366355,554.97766,0.957232,0.0,0.0,0.0,45097.92,0.0486,211,0,0,0,2239,1,3,22513,163962.6,6832
m8_algorithm_novelty,main,heavy_flood,m8_main_heavy_flood_s20260612,1800,512,8,1000.0,10000.0,True,0,200,1,20260612,Oracle-Offline,True,300,1500,2572,1.0,1.0,0.0,0.0,0.0,0.0,0.0,0,0,0,0,0,0,0,0,308.64,0
m8_algorithm_novelty,main,heavy_flood,m8_main_heavy_flood_s20260613,1800,512,8,1000.0,10000.0,True,0,200,1,20260613,Random-RL,True,300,1500,139847871,53316.001144,1.0,0,0.0,0.0,5052479.04,0.0,0,0,0,0,0,1648,0,0,16781744.52,4128
m8_algorithm_novelty,main,heavy_flood,m8_main_heavy_flood_s20260613,1800,512,8,1000.0,10000.0,True,0,200,1,20260613,AdaptiveRateLimit,True,300,1500,1261528,819.706303,0.586733,0,0.0,0.0,45521.28,0.413267,0,0,0,0,0,11,1084,248361,151383.36,64
m8_algorithm_novelty,main,heavy_flood,m8_main_heavy_flood_s20260613,1800,512,8,1000.0,10000.0,True,0,200,1,20260613,BudgetDoS,True,300,1500,1261528,819.706303,0.586733,0,0.0,0.0,45521.28,0.413267,0,0,0,0,0,11,1084,248361,151383.36,4192
m8_algorithm_novelty,main,heavy_flood,m8_main_heavy_flood_s20260613,1800,512,8,1000.0,10000.0,True,0,200,1,20260613,P3-NoPersist,True,300,1500,1260007,778.262508,0.617232,0,0.0,0.0,45521.28,0.382768,0,0,0,0,1601,11,52,22620,151200.84,5232
m8_algorithm_novelty,main,heavy_flood,m8_main_heavy_flood_s20260613,1800,512,8,1000.0,10000.0,True,0,200,1,20260613,P3-Persist,True,300,1500,1375931,548.83566,0.955776,0,0.0,0.0,45662.4,0.049562,230,0,0,0,2263,3,5,22620,165111.72,6832
m8_algorithm_novelty,main,heavy_flood,m8_main_heavy_flood_s20260613,1800,512,8,1000.0,10000.0,True,0,200,1,20260613,Oracle-Offline,True,300,1500,2623,1.0,1.0,0,0.0,0.0,0.0,0.0,0,0,0,0,0,0,0,0,314.76,0
m8_algorithm_novelty,main,heavy_flood,m8_main_heavy_flood_s20260614,1800,512,8,1000.0,10000.0,True,0,200,1,20260614,Random-RL,True,300,1500,139289929,54346.44128,1.0,0,0.0,0.0,5033871.36,0.0,0,0,0,0,0,1602,0,0,16714791.48,4128
m8_algorithm_novelty,main,heavy_flood,m8_main_heavy_flood_s20260614,1800,512,8,1000.0,10000.0,True,0,200,1,20260614,AdaptiveRateLimit,True,300,1500,1261539,815.474467,0.60359,0,0.0,0.0,45964.8,0.39641,0,0,0,0,0,8,1016,247416,151384.68,64
m8_algorithm_novelty,main,heavy_flood,m8_main_heavy_flood_s20260614,1800,512,8,1000.0,10000.0,True,0,200,1,20260614,BudgetDoS,True,300,1500,1261539,815.474467,0.60359,0,0.0,0.0,45964.8,0.39641,0,0,0,0,0,8,1016,247416,151384.68,4192
m8_algorithm_novelty,main,heavy_flood,m8_main_heavy_flood_s20260614,1800,512,8,1000.0,10000.0,True,0,200,1,20260614,P3-NoPersist,True,300,1500,1260008,863.610692,0.569255,0,0.0,0.0,45944.64,0.430745,0,0,0,0,1442,9,57,22583,151200.96,5232
m8_algorithm_novelty,main,heavy_flood,m8_main_heavy_flood_s20260614,1800,512,8,1000.0,10000.0,True,0,200,1,20260614,P3-Persist,True,300,1500,1369372,561.218033,0.952009,0.0,0.0,0.0,46045.44,0.051892,217,0,0,0,2217,2,7,22583,164324.64,6832
m8_algorithm_novelty,main,heavy_flood,m8_main_heavy_flood_s20260614,1800,512,8,1000.0,10000.0,True,0,200,1,20260614,Oracle-Offline,True,300,1500,2563,1.0,1.0,0,0.0,0.0,0.0,0.0,0,0,0,0,0,0,0,0,307.56,0
m8_algorithm_novelty,reserve_sensitivity,heavy_flood,m8_reserve_r50_s20260610,1800,512,8,1000.0,10000.0,True,0,50,1,20260610,P3-Persist,True,300,1500,1358795,550.342244,0.954387,0,0.0,0.0,45460.8,0.051797,196,0,0,0,2259,3,11,22566,163055.4,5632
m8_algorithm_novelty,reserve_sensitivity,heavy_flood,m8_reserve_r50_s20260611,1800,512,8,1000.0,10000.0,True,0,50,1,20260611,P3-Persist,True,300,1500,1353752,551.87607,0.957082,0,0.0,0.0,45480.96,0.050332,186,0,0,0,2256,3,8,22458,162450.24,5632
m8_algorithm_novelty,reserve_sensitivity,heavy_flood,m8_reserve_r50_s20260612,1800,512,8,1000.0,10000.0,True,0,50,1,20260612,P3-Persist,True,300,1500,1366355,554.97766,0.957232,0.0,0.0,0.0,45097.92,0.0486,211,0,0,0,2239,1,3,22513,163962.6,5632
m8_algorithm_novelty,reserve_sensitivity,heavy_flood,m8_reserve_r50_s20260613,1800,512,8,1000.0,10000.0,True,0,50,1,20260613,P3-Persist,True,300,1500,1375931,548.83566,0.955776,0,0.0,0.0,45662.4,0.049562,230,0,0,0,2263,3,5,22620,165111.72,5632
m8_algorithm_novelty,reserve_sensitivity,heavy_flood,m8_reserve_r50_s20260614,1800,512,8,1000.0,10000.0,True,0,50,1,20260614,P3-Persist,True,300,1500,1369372,561.218033,0.952009,0.0,0.0,0.0,46045.44,0.051892,217,0,0,0,2217,2,7,22583,164324.64,5632
m8_algorithm_novelty,reserve_sensitivity,heavy_flood,m8_reserve_r100_s20260610,1800,512,8,1000.0,10000.0,True,0,100,1,20260610,P3-Persist,True,300,1500,1358795,550.342244,0.954387,0,0.0,0.0,45460.8,0.051797,196,0,0,0,2259,3,11,22566,163055.4,6032
m8_algorithm_novelty,reserve_sensitivity,heavy_flood,m8_reserve_r100_s20260611,1800,512,8,1000.0,10000.0,True,0,100,1,20260611,P3-Persist,True,300,1500,1353752,551.87607,0.957082,0,0.0,0.0,45480.96,0.050332,186,0,0,0,2256,3,8,22458,162450.24,6032
m8_algorithm_novelty,reserve_sensitivity,heavy_flood,m8_reserve_r100_s20260612,1800,512,8,1000.0,10000.0,True,0,100,1,20260612,P3-Persist,True,300,1500,1366355,554.97766,0.957232,0.0,0.0,0.0,45097.92,0.0486,211,0,0,0,2239,1,3,22513,163962.6,6032
m8_algorithm_novelty,reserve_sensitivity,heavy_flood,m8_reserve_r100_s20260613,1800,512,8,1000.0,10000.0,True,0,100,1,20260613,P3-Persist,True,300,1500,1375931,548.83566,0.955776,0,0.0,0.0,45662.4,0.049562,230,0,0,0,2263,3,5,22620,165111.72,6032
m8_algorithm_novelty,reserve_sensitivity,heavy_flood,m8_reserve_r100_s20260614,1800,512,8,1000.0,10000.0,True,0,100,1,20260614,P3-Persist,True,300,1500,1369372,561.218033,0.952009,0.0,0.0,0.0,46045.44,0.051892,217,0,0,0,2217,2,7,22583,164324.64,6032
m8_algorithm_novelty,reserve_sensitivity,heavy_flood,m8_reserve_r200_s20260610,1800,512,8,1000.0,10000.0,True,0,200,1,20260610,P3-Persist,True,300,1500,1358795,550.342244,0.954387,0,0.0,0.0,45460.8,0.051797,196,0,0,0,2259,3,11,22566,163055.4,6832
m8_algorithm_novelty,reserve_sensitivity,heavy_flood,m8_reserve_r200_s20260611,1800,512,8,1000.0,10000.0,True,0,200,1,20260611,P3-Persist,True,300,1500,1353752,551.87607,0.957082,0,0.0,0.0,45480.96,0.050332,186,0,0,0,2256,3,8,22458,162450.24,6832
m8_algorithm_novelty,reserve_sensitivity,heavy_flood,m8_reserve_r200_s20260612,1800,512,8,1000.0,10000.0,True,0,200,1,20260612,P3-Persist,True,300,1500,1366355,554.97766,0.957232,0.0,0.0,0.0,45097.92,0.0486,211,0,0,0,2239,1,3,22513,163962.6,6832
m8_algorithm_novelty,reserve_sensitivity,heavy_flood,m8_reserve_r200_s20260613,1800,512,8,1000.0,10000.0,True,0,200,1,20260613,P3-Persist,True,300,1500,1375931,548.83566,0.955776,0,0.0,0.0,45662.4,0.049562,230,0,0,0,2263,3,5,22620,165111.72,6832
m8_algorithm_novelty,reserve_sensitivity,heavy_flood,m8_reserve_r200_s20260614,1800,512,8,1000.0,10000.0,True,0,200,1,20260614,P3-Persist,True,300,1500,1369372,561.218033,0.952009,0.0,0.0,0.0,46045.44,0.051892,217,0,0,0,2217,2,7,22583,164324.64,6832
m8_algorithm_novelty,reserve_sensitivity,heavy_flood,m8_reserve_r400_s20260610,1800,512,8,1000.0,10000.0,True,0,400,1,20260610,P3-Persist,True,300,1500,1358795,550.342244,0.954387,0,0.0,0.0,45460.8,0.051797,196,0,0,0,2259,3,11,22566,163055.4,8432
m8_algorithm_novelty,reserve_sensitivity,heavy_flood,m8_reserve_r400_s20260611,1800,512,8,1000.0,10000.0,True,0,400,1,20260611,P3-Persist,True,300,1500,1353752,551.87607,0.957082,0,0.0,0.0,45480.96,0.050332,186,0,0,0,2256,3,8,22458,162450.24,8432
m8_algorithm_novelty,reserve_sensitivity,heavy_flood,m8_reserve_r400_s20260612,1800,512,8,1000.0,10000.0,True,0,400,1,20260612,P3-Persist,True,300,1500,1366355,554.97766,0.957232,0.0,0.0,0.0,45097.92,0.0486,211,0,0,0,2239,1,3,22513,163962.6,8432
m8_algorithm_novelty,reserve_sensitivity,heavy_flood,m8_reserve_r400_s20260613,1800,512,8,1000.0,10000.0,True,0,400,1,20260613,P3-Persist,True,300,1500,1375931,548.83566,0.955776,0,0.0,0.0,45662.4,0.049562,230,0,0,0,2263,3,5,22620,165111.72,8432
m8_algorithm_novelty,reserve_sensitivity,heavy_flood,m8_reserve_r400_s20260614,1800,512,8,1000.0,10000.0,True,0,400,1,20260614,P3-Persist,True,300,1500,1369372,561.218033,0.952009,0.0,0.0,0.0,46045.44,0.051892,217,0,0,0,2217,2,7,22583,164324.64,8432
m8_algorithm_novelty,threshold_sensitivity,heavy_flood,m8_threshold_k1_s20260610,1800,512,8,1000.0,10000.0,True,0,200,1,20260610,P3-Persist,True,300,1500,1358795,550.342244,0.954387,0,0.0,0.0,45460.8,0.051797,196,0,0,0,2259,3,11,22566,163055.4,6832
m8_algorithm_novelty,threshold_sensitivity,heavy_flood,m8_threshold_k1_s20260611,1800,512,8,1000.0,10000.0,True,0,200,1,20260611,P3-Persist,True,300,1500,1353752,551.87607,0.957082,0,0.0,0.0,45480.96,0.050332,186,0,0,0,2256,3,8,22458,162450.24,6832
m8_algorithm_novelty,threshold_sensitivity,heavy_flood,m8_threshold_k1_s20260612,1800,512,8,1000.0,10000.0,True,0,200,1,20260612,P3-Persist,True,300,1500,1366355,554.97766,0.957232,0.0,0.0,0.0,45097.92,0.0486,211,0,0,0,2239,1,3,22513,163962.6,6832
m8_algorithm_novelty,threshold_sensitivity,heavy_flood,m8_threshold_k1_s20260613,1800,512,8,1000.0,10000.0,True,0,200,1,20260613,P3-Persist,True,300,1500,1375931,548.83566,0.955776,0,0.0,0.0,45662.4,0.049562,230,0,0,0,2263,3,5,22620,165111.72,6832
m8_algorithm_novelty,threshold_sensitivity,heavy_flood,m8_threshold_k1_s20260614,1800,512,8,1000.0,10000.0,True,0,200,1,20260614,P3-Persist,True,300,1500,1369372,561.218033,0.952009,0.0,0.0,0.0,46045.44,0.051892,217,0,0,0,2217,2,7,22583,164324.64,6832
m8_algorithm_novelty,threshold_sensitivity,heavy_flood,m8_threshold_k2_s20260610,1800,512,8,1000.0,10000.0,True,0,200,2,20260610,P3-Persist,True,300,1500,1327039,565.901493,0.906455,0,0.0,0.0,45440.64,0.096637,133,0,0,0,2201,4,22,22566,159244.68,6832
m8_algorithm_novelty,threshold_sensitivity,heavy_flood,m8_threshold_k2_s20260611,1800,512,8,1000.0,10000.0,True,0,200,2,20260611,P3-Persist,True,300,1500,1326538,567.381523,0.912212,0.0,0.0,0.0,45460.8,0.09403,132,0,0,0,2192,4,20,22458,159184.56,6832
m8_algorithm_novelty,threshold_sensitivity,heavy_flood,m8_threshold_k2_s20260612,1800,512,8,1000.0,10000.0,True,0,200,2,20260612,P3-Persist,True,300,1500,1327545,567.326923,0.909798,0.0,0.0,0.0,45077.76,0.09409,134,0,0,0,2195,2,14,22513,159305.4,6832
m8_algorithm_novelty,threshold_sensitivity,heavy_flood,m8_threshold_k2_s20260613,1800,512,8,1000.0,10000.0,True,0,200,2,20260613,P3-Persist,True,300,1500,1331071,560.215067,0.905833,0.0,0.0,0.0,45642.24,0.097598,141,0,0,0,2224,4,13,22620,159728.52,6832
m8_algorithm_novelty,threshold_sensitivity,heavy_flood,m8_threshold_k2_s20260614,1800,512,8,1000.0,10000.0,True,0,200,2,20260614,P3-Persist,True,300,1500,1325525,574.566537,0.900117,0,0.0,0.0,46045.44,0.104175,130,0,0,0,2169,3,15,22583,159063.0,6832
m8_algorithm_novelty,threshold_sensitivity,heavy_flood,m8_threshold_k3_s20260610,1800,512,8,1000.0,10000.0,True,0,200,3,20260610,P3-Persist,True,300,1500,1305367,584.056823,0.863935,0,0.0,0.0,45440.64,0.137611,90,0,0,0,2134,4,28,22566,156644.04,6832
m8_algorithm_novelty,threshold_sensitivity,heavy_flood,m8_threshold_k3_s20260611,1800,512,8,1000.0,10000.0,True,0,200,3,20260611,P3-Persist,True,300,1500,1306879,585.257053,0.871245,0,0.0,0.0,45420.48,0.133437,93,0,0,0,2127,6,32,22458,156825.48,6832
m8_algorithm_novelty,threshold_sensitivity,heavy_flood,m8_threshold_k3_s20260612,1800,512,8,1000.0,10000.0,True,0,200,3,20260612,P3-Persist,True,300,1500,1309903,586.348702,0.868585,0.0,0.0,0.0,45077.76,0.134137,99,0,0,0,2126,2,18,22513,157188.36,6832
m8_algorithm_novelty,threshold_sensitivity,heavy_flood,m8_threshold_k3_s20260613,1800,512,8,1000.0,10000.0,True,0,200,3,20260613,P3-Persist,True,300,1500,1309903,577.304099,0.86504,0,0.0,0.0,45642.24,0.136485,99,0,0,0,2159,4,18,22620,157188.36,6832
m8_algorithm_novelty,threshold_sensitivity,heavy_flood,m8_threshold_k3_s20260614,1800,512,8,1000.0,10000.0,True,0,200,3,20260614,P3-Persist,True,300,1500,1305367,593.348636,0.858369,0.0,0.0,0.0,46065.6,0.143192,90,0,0,0,2101,2,25,22583,156644.04,6832
m8_algorithm_novelty,attacker_dilemma,heavy_flood,m8_dilemma_unique_s20260610,1800,512,8,1000.0,10000.0,True,0,200,1,20260610,BudgetDoS,True,300,1500,1261535,816.527508,0.597217,0,0.0,0.0,45339.84,0.402783,0,0,0,0,0,10,1042,247428,151384.2,4192
m8_algorithm_novelty,attacker_dilemma,heavy_flood,m8_dilemma_unique_s20260610,1800,512,8,1000.0,10000.0,True,0,200,1,20260610,P3-Persist,True,300,1500,1358795,550.342244,0.954387,0,0.0,0.0,45460.8,0.051797,196,0,0,0,2259,3,11,22566,163055.4,6832
m8_algorithm_novelty,attacker_dilemma,heavy_flood,m8_dilemma_unique_s20260611,1800,512,8,1000.0,10000.0,True,0,200,1,20260611,BudgetDoS,True,300,1500,1261536,816.0,0.603199,0.0,0.0,0.0,45339.84,0.396801,0,0,0,0,0,10,1017,247757,151384.32,4192
m8_algorithm_novelty,attacker_dilemma,heavy_flood,m8_dilemma_unique_s20260611,1800,512,8,1000.0,10000.0,True,0,200,1,20260611,P3-Persist,True,300,1500,1353752,551.87607,0.957082,0,0.0,0.0,45480.96,0.050332,186,0,0,0,2256,3,8,22458,162450.24,6832
m8_algorithm_novelty,attacker_dilemma,heavy_flood,m8_dilemma_unique_s20260612,1800,512,8,1000.0,10000.0,True,0,200,1,20260612,BudgetDoS,True,300,1500,1260938,1327.303158,0.369362,0.0,0.0,0.0,44896.32,0.630638,0,0,0,0,0,12,1622,247444,151312.56,4192
m8_algorithm_novelty,attacker_dilemma,heavy_flood,m8_dilemma_unique_s20260612,1800,512,8,1000.0,10000.0,True,0,200,1,20260612,P3-Persist,True,300,1500,1366355,554.97766,0.957232,0.0,0.0,0.0,45097.92,0.0486,211,0,0,0,2239,1,3,22513,163962.6,6832
m8_algorithm_novelty,attacker_dilemma,heavy_flood,m8_dilemma_unique_s20260613,1800,512,8,1000.0,10000.0,True,0,200,1,20260613,BudgetDoS,True,300,1500,1261528,819.706303,0.586733,0,0.0,0.0,45521.28,0.413267,0,0,0,0,0,11,1084,248361,151383.36,4192
m8_algorithm_novelty,attacker_dilemma,heavy_flood,m8_dilemma_unique_s20260613,1800,512,8,1000.0,10000.0,True,0,200,1,20260613,P3-Persist,True,300,1500,1375931,548.83566,0.955776,0,0.0,0.0,45662.4,0.049562,230,0,0,0,2263,3,5,22620,165111.72,6832
m8_algorithm_novelty,attacker_dilemma,heavy_flood,m8_dilemma_unique_s20260614,1800,512,8,1000.0,10000.0,True,0,200,1,20260614,BudgetDoS,True,300,1500,1261539,815.474467,0.60359,0,0.0,0.0,45964.8,0.39641,0,0,0,0,0,8,1016,247416,151384.68,4192
m8_algorithm_novelty,attacker_dilemma,heavy_flood,m8_dilemma_unique_s20260614,1800,512,8,1000.0,10000.0,True,0,200,1,20260614,P3-Persist,True,300,1500,1369372,561.218033,0.952009,0.0,0.0,0.0,46045.44,0.051892,217,0,0,0,2217,2,7,22583,164324.64,6832
m8_algorithm_novelty,attacker_dilemma,heavy_flood,m8_dilemma_repeated_s20260610,1800,512,8,1000.0,10000.0,False,0,200,1,20260610,BudgetDoS,True,300,1500,1261535,816.527508,0.597217,0,0.0,0.0,45339.84,0.402783,0,0,0,0,0,10,1042,247428,151384.2,4192
m8_algorithm_novelty,attacker_dilemma,heavy_flood,m8_dilemma_repeated_s20260610,1800,512,8,1000.0,10000.0,False,0,200,1,20260610,P3-Persist,True,300,1500,3780007,2266.191247,0.644762,0.0,0.0,0.0,145756.8,0.356784,21,4979,0,0,1632,8,55,22116,453600.84,6832
m8_algorithm_novelty,attacker_dilemma,heavy_flood,m8_dilemma_repeated_s20260611,1800,512,8,1000.0,10000.0,False,0,200,1,20260611,BudgetDoS,True,300,1500,1261536,816.0,0.603199,0.0,0.0,0.0,45339.84,0.396801,0,0,0,0,0,10,1017,247757,151384.32,4192
m8_algorithm_novelty,attacker_dilemma,heavy_flood,m8_dilemma_repeated_s20260611,1800,512,8,1000.0,10000.0,False,0,200,1,20260611,P3-Persist,True,300,1500,3780007,2217.012903,0.665236,0,0.0,0.0,145797.12,0.336715,18,4982,0,0,1671,9,76,22050,453600.84,6832
m8_algorithm_novelty,attacker_dilemma,heavy_flood,m8_dilemma_repeated_s20260612,1800,512,8,1000.0,10000.0,False,0,200,1,20260612,BudgetDoS,True,300,1500,1260938,1327.303158,0.369362,0.0,0.0,0.0,44896.32,0.630638,0,0,0,0,0,12,1622,247444,151312.56,4192
m8_algorithm_novelty,attacker_dilemma,heavy_flood,m8_dilemma_repeated_s20260612,1800,512,8,1000.0,10000.0,False,0,200,1,20260612,P3-Persist,True,300,1500,3780007,2183.712883,0.673017,0,0.0,0.0,145474.56,0.327372,18,4982,0,0,1701,5,55,22039,453600.84,6832
m8_algorithm_novelty,attacker_dilemma,heavy_flood,m8_dilemma_repeated_s20260613,1800,512,8,1000.0,10000.0,False,0,200,1,20260613,BudgetDoS,True,300,1500,1261528,819.706303,0.586733,0,0.0,0.0,45521.28,0.413267,0,0,0,0,0,11,1084,248361,151383.36,4192
m8_algorithm_novelty,attacker_dilemma,heavy_flood,m8_dilemma_repeated_s20260613,1800,512,8,1000.0,10000.0,False,0,200,1,20260613,P3-Persist,True,300,1500,3780007,2205.371645,0.65345,0.0,0.0,0.0,146059.2,0.346931,14,4986,0,0,1683,10,44,22148,453600.84,6832
m8_algorithm_novelty,attacker_dilemma,heavy_flood,m8_dilemma_repeated_s20260614,1800,512,8,1000.0,10000.0,False,0,200,1,20260614,BudgetDoS,True,300,1500,1261539,815.474467,0.60359,0,0.0,0.0,45964.8,0.39641,0,0,0,0,0,8,1016,247416,151384.68,4192
m8_algorithm_novelty,attacker_dilemma,heavy_flood,m8_dilemma_repeated_s20260614,1800,512,8,1000.0,10000.0,False,0,200,1,20260614,P3-Persist,True,300,1500,3780008,2366.943018,0.623098,0,0.0,0.0,146502.72,0.377292,14,4986,0,0,1568,7,51,22146,453600.96,6832
m8_algorithm_novelty,attacker_dilemma,heavy_flood,m8_dilemma_repeated_dup60_s20260610,1800,512,8,1000.0,10000.0,False,60,200,1,20260610,BudgetDoS,True,300,1500,1260189,4345.47931,0.112099,0.0,0.0,0.0,504.0,0.887901,0,0,1636,249652,0,101,661,0,151222.68,4192
m8_algorithm_novelty,attacker_dilemma,heavy_flood,m8_dilemma_repeated_dup60_s20260610,1800,512,8,1000.0,10000.0,False,60,200,1,20260610,P3-Persist,True,300,1500,1340147,546.107172,0.948589,0.0,0.0,0.0,504.0,0.059142,159,0,27,249652,2243,41,8,0,160817.64,6832
m8_algorithm_novelty,attacker_dilemma,heavy_flood,m8_dilemma_repeated_dup60_s20260611,1800,512,8,1000.0,10000.0,False,60,200,1,20260611,BudgetDoS,True,300,1500,1260188,4300.982935,0.114319,0,0.0,0.0,504.0,0.885681,0,0,1636,249981,0,105,634,0,151222.56,4192
m8_algorithm_novelty,attacker_dilemma,heavy_flood,m8_dilemma_repeated_dup60_s20260611,1800,512,8,1000.0,10000.0,False,60,200,1,20260611,P3-Persist,True,300,1500,1336110,550.065871,0.947718,0,0.0,0.0,504.0,0.060476,151,0,31,249981,2231,41,10,0,160333.2,6832
m8_algorithm_novelty,attacker_dilemma,heavy_flood,m8_dilemma_repeated_dup60_s20260612,1800,512,8,1000.0,10000.0,False,60,200,1,20260612,BudgetDoS,True,300,1500,1260196,4330.570447,0.113142,0,0.0,0.0,504.0,0.886858,0,0,1637,249646,0,95,644,0,151223.52,4192
m8_algorithm_novelty,attacker_dilemma,heavy_flood,m8_dilemma_repeated_dup60_s20260612,1800,512,8,1000.0,10000.0,False,60,200,1,20260612,P3-Persist,True,300,1500,1344686,562.394814,0.929627,0,0.0,0.0,504.0,0.075816,168,0,71,249646,2174,35,3,0,161362.32,6832
m8_algorithm_novelty,attacker_dilemma,heavy_flood,m8_dilemma_repeated_dup60_s20260613,1800,512,8,1000.0,10000.0,False,60,200,1,20260613,BudgetDoS,True,300,1500,1260159,4286.255102,0.112085,0.0,0.0,0.0,504.0,0.887915,0,0,1665,250594,0,135,664,0,151219.08,4192
m8_algorithm_novelty,attacker_dilemma,heavy_flood,m8_dilemma_repeated_dup60_s20260613,1800,512,8,1000.0,10000.0,False,60,200,1,20260613,P3-Persist,True,300,1500,1342161,540.757857,0.946245,0.0,0.0,0.0,504.0,0.05833,163,0,32,250594,2251,59,5,0,161059.32,6832
m8_algorithm_novelty,attacker_dilemma,heavy_flood,m8_dilemma_repeated_dup60_s20260614,1800,512,8,1000.0,10000.0,False,60,200,1,20260614,BudgetDoS,True,300,1500,1260188,4360.512111,0.112758,0,0.0,0.0,504.0,0.887242,0,0,1610,249671,0,101,664,0,151222.56,4192
m8_algorithm_novelty,attacker_dilemma,heavy_flood,m8_dilemma_repeated_dup60_s20260614,1800,512,8,1000.0,10000.0,False,60,200,1,20260614,P3-Persist,True,300,1500,1346190,556.967315,0.943036,0,0.0,0.0,504.0,0.062427,171,0,32,249671,2196,44,6,0,161542.8,6832
